,cross_node_id,upstream_node_id,downstream_node_id,upstream_link_id,downstream_link_id,turn_type,approache_orientation,angle
0,9703,9724,22397,340_-1,326_-1,R,W,314.221475769158
1,9703,22411,9703,333_-1,340_-1,T,E,128.94905882807268
2,9703,9724,22397,340_-1,326_-1,R,W,314.221475769158
3,9703,22411,9703,333_-1,340_-1,R,E,128.94905882807268
4,9703,9724,22397,340_-1,326_-1,R,W,314.221475769158
5,9703,22411,9703,333_-1,340_-1,R,E,128.94905882807268
6,9703,9724,22397,340_-1,326_-1,R,W,314.221475769158
7,9703,22411,9703,333_-1,340_-1,R,E,128.94905882807268
8,9703,9724,22397,340_-1,326_-1,R,W,314.221475769158
9,9703,22411,9703,333_-1,340_-1,R,E,128.94905882807268
10,9703,9724,22397,340_-1,326_-1,R,W,314.221475769158
11,9703,22411,9703,333_-1,340_-1,R,E,128.94905882807268
12,9703,9724,22397,340_-1,326_-1,R,W,314.221475769158
13,9703,22411,9703,333_-1,340_-1,R,E,128.94905882807268
14,9703,9724,22397,340_-1,326_-1,R,W,314.221475769158
15,9703,22411,9703,333_-1,340_-1,R,E,128.94905882807268
16,9706,22402,9706,531_-1,543_-1,R,N,23.11705332727622
17,9706,9721,22407,543_-1,537_-1,L,S,207.6289288242845
18,9706,9721,22407,543_-1,537_-1,L,S,207.6289288242845
19,9706,22402,9706,531_-1,543_-1,R,N,23.11705332727622
20,9706,9721,22407,543_-1,537_-1,L,S,207.6289288242845
21,9706,22402,9706,531_-1,543_-1,R,N,23.11705332727622
22,9706,9721,22407,543_-1,537_-1,L,S,207.6289288242845
23,9706,22402,9706,531_-1,543_-1,R,N,23.11705332727622
24,9706,9721,22407,543_-1,537_-1,L,S,207.6289288242845
25,9706,22402,9706,531_-1,543_-1,R,N,23.11705332727622
26,9706,9721,22407,543_-1,537_-1,L,S,207.6289288242845
27,9706,22402,9706,531_-1,543_-1,R,N,23.11705332727622
28,9706,9721,22407,543_-1,537_-1,L,S,207.6289288242845
29,9706,22402,9706,531_-1,543_-1,R,N,23.11705332727622
30,9706,9721,22407,543_-1,537_-1,L,S,207.6289288242845
31,9709,22381,22291,646_-1,652_-1,R,S,206.42926340914164
32,9709,22291,22391,652_1,640_-1,L,N,29.499858280608194
33,9709,22381,22291,646_-1,652_-1,R,S,206.42926340914164
34,9709,22381,22291,646_-1,652_-1,R,S,206.42926340914164
35,9709,22291,22391,652_1,640_-1,L,N,29.499858280608194
36,9709,22381,22291,646_-1,652_-1,R,S,206.42926340914164
37,9709,22291,22391,652_1,640_-1,L,N,29.499858280608194
38,9709,22381,22291,646_-1,652_-1,R,S,206.42926340914164
39,9709,22291,22391,652_1,640_-1,L,N,29.499858280608194
40,9709,22381,22291,646_-1,652_-1,R,S,206.42926340914164
41,9709,22291,22391,652_1,640_-1,L,N,29.499858280608194
42,9709,22381,22291,646_-1,652_-1,R,S,206.42926340914164
43,9709,22291,22391,652_1,640_-1,L,N,29.499858280608194
44,9712,22300,22376,669_-1,678_-1,R,E,127.29338828992654
45,9712,22386,9712,684_-1,669_-1,T,W,304.27838591717284
46,9712,22300,22376,669_-1,678_-1,R,E,127.29338828992654
47,9712,22386,9712,684_-1,669_-1,T,W,304.27838591717284
48,9712,22300,22376,669_-1,678_-1,R,E,127.29338828992654
49,9712,22386,9712,684_-1,669_-1,T,W,304.27838591717284
50,9712,22300,22376,669_-1,678_-1,R,E,127.29338828992654
51,9712,22386,9712,684_-1,669_-1,T,W,304.27838591717284
52,9712,22300,22376,669_-1,678_-1,R,E,127.29338828992654
53,9712,22386,9712,684_-1,669_-1,T,W,304.27838591717284
54,9712,22300,22376,669_-1,678_-1,R,E,127.29338828992654
55,9712,22386,9712,684_-1,669_-1,T,W,304.27838591717284
56,9712,22300,22376,669_-1,678_-1,R,E,127.29338828992654
57,9712,22386,9712,684_-1,669_-1,T,W,304.27838591717284
58,9715,9850,711_-1_762,983_-1,711_-1,R,N,43.2569017000684
59,9717,9850,9849,711_-1,1006_-1,R,N,334.575682652797
60,9718,9850,9856,1057_-1,1021_-1,R,W,269.9394609764297
61,9720,9855,1078_-1_698,1046_-1,124_-1,L,E,65.32656583981041
62,9721,282,9706,282_-1,543_-1,R,W,231.752889825993
63,9721,9706,39_-1_2,543_1,385_-1,R,N,41.89498260047025
64,9724,9706,9703,2_-1,340_-1,R,W,241.8025418042545
65,9724,9703,307_-1_367,340_1,307_-1,R,E,50.4916163623906
66,9726,9703,3362_-1_18105,3380_-1,3362_-1,T,W,264.9388903733061
67,9726,9703,9726,2506_1,3380_-1,R,N,5.446258712519446
68,9726,9703,9726,3362_1,3380_-1,T,E,92.65432831124014
69,9726,9703,2506_-1_2531,3362_1,2506_-1,R,E,92.65432831124014
70,9726,9703,2581_-1_2672,3380_-1,2581_-1,R,W,264.9388903733061
71,9726,9703,9726,2506_1,3380_-1,R,N,5.446258712519446
72,9726,9703,2506_-1_2531,3362_1,2506_-1,R,E,92.65432831124014
73,9726,9703,9726,2506_1,3380_-1,R,N,5.446258712519446
74,9726,9703,2581_-1_2672,3380_-1,2581_-1,R,W,264.9388903733061
75,9726,9703,2506_-1_2531,3362_1,2506_-1,R,E,92.65432831124014
76,9726,9703,9726,2506_1,3380_-1,R,N,5.446258712519446
77,9726,9703,2581_-1_2672,3380_-1,2581_-1,R,W,264.9388903733061
78,9726,9703,3362_-1_18105,2506_1,3362_-1,L,N,5.446258712519446
79,9726,9703,2506_-1_2531,3362_1,2506_-1,R,E,92.65432831124014
80,9726,9703,3362_-1_18105,2581_1,3362_-1,R,S,173.53060463648035
81,9726,9703,2506_-1_2531,2581_1,2506_-1,T,S,173.53060463648035
82,9726,9703,9726,2581_1,3380_-1,L,S,173.53060463648035
83,9726,9703,2581_-1_2672,2506_1,2581_-1,T,N,5.446258712519446
84,9726,9703,2581_-1_2672,3380_-1,2581_-1,R,W,264.9388903733061
85,9726,9703,2506_-1_2531,3362_1,2506_-1,R,E,92.65432831124014
86,9726,9703,9726,2506_1,3380_-1,R,N,5.446258712519446
87,9727,9728,9727,3143_1,3174_-1,T,S,205.4011546610064
88,9727,9742,9728,3174_-1,3143_-1,T,S,146.78246546777572
89,9727,9752,9728,3572_-1,3143_-1,R,N,6.616077898964651
90,9728,9752,9728,3134_1,3143_-1,T,W,227.4003276529973
91,9728,9727,3134_-1_7542,3143_-1,3134_-1,T,S,158.18257374477844
92,9728,9727,9729,3143_-1,3128_-1,R,S,158.18257374477844
93,9729,9727,9729,3115_1,3128_-1,T,W,264.5773383534973
94,9729,9728,9751,3128_-1,3122_-1,T,E,118.17252911837527
95,9729,9728,3115_-1_752,3128_-1,3115_-1,L,E,118.17252911837527
96,9730,3588,9731,3588_-1,3273_-1,T,W,291.3189607073658
97,9730,9731,9730,3273_1,4877_-1,T,S,143.6672048585604
98,9730,9753,9731,4877_-1,3273_-1,T,E,59.92081526651219
99,9731,9753,593,3267_-1,4623_-1,R,W,287.6535964111787
100,9731,9730,593,3273_-1,4623_-1,T,E,67.62975271559321
101,9731,593,9731,4623_1,3273_-1,T,S,135.9978368464645
102,9732,593,9732,2875_1,2888_-1,R,E,68.53472130351511
103,9732,9746,2875_-1_14507,2888_-1,2875_-1,L,N,31.324316728757893
104,9732,9749,2875_-1_14507,4746_-1,2875_-1,T,N,342.9563706698576
105,9733,9753,9749,3296_-1,4756_-1,T,N,319.1587298602918
106,9734,9749,3096_-1_4844,3606_-1,3096_-1,R,N,13.286164682012954
107,9734,9749,3440_-1_3456,3606_-1,3440_-1,T,N,13.286164682012954
108,9734,9749,9734,3440_1,3606_-1,T,S,168.70147179587917
109,9734,9749,9734,3153_1,3606_-1,R,E,107.64511282402424
110,9734,9749,3096_-1_4844,3606_-1,3096_-1,R,N,13.286164682012954
111,9734,9749,9734,3440_1,3606_-1,T,S,168.70147179587917
112,9734,9749,3440_-1_3456,3606_-1,3440_-1,T,N,13.286164682012954
113,9734,9749,9734,3153_1,3606_-1,T,E,107.64511282402424
114,9734,9749,3440_-1_3456,3606_-1,3440_-1,T,N,13.286164682012954
115,9734,9749,3096_-1_4844,3606_-1,3096_-1,R,N,13.286164682012954
116,9736,9749,1831_-1_1859,1945_1,1831_-1,R,S,182.18768602811002
117,9736,9749,1965_-1_8236,1945_1,1965_-1,T,S,182.18768602811002
118,9736,9749,1831_-1_1859,1965_1,1831_-1,L,N,357.2782422336422
119,9736,9749,1965_-1_8236,1831_1,1965_-1,R,E,80.67855955902195
120,9736,9749,5306_-1_5332,1945_1,5306_-1,L,S,182.18768602811002
121,9736,9749,1965_-1_8236,5306_1,1965_-1,L,W,279.8980037111224
122,9736,9749,1831_-1_1859,5306_1,1831_-1,T,W,279.8980037111224
123,9736,9749,1945_-1_7676,5306_1,1945_-1,R,W,279.8980037111224
124,9736,9749,5306_-1_5332,1965_1,5306_-1,R,N,357.2782422336422
125,9736,9749,1945_-1_7676,5306_1,1945_-1,R,W,279.8980037111224
126,9736,9749,1831_-1_1859,1945_1,1831_-1,R,S,182.18768602811002
127,9737,9749,4273_-1_4291,4111_1,4251_-1,T,S,173.20697194818482
128,9737,9749,9737,4111_1,207_-1,L,S,173.20697194818482
129,9737,9749,4134_-1_4152,1486_1,4111_-1,L,E,90.08233295717585
130,9737,9749,9737,1486_1,207_-1,T,E,90.08233295717585
131,9737,9749,1486_-1_1532,4251_1,1486_-1,L,N,6.23090999318305
132,9737,9749,4134_-1_4152,4251_1,4111_-1,T,N,6.23090999318305
133,9737,9749,4273_-1_4291,207_-1,4251_-1,L,W,275.6547202460375
134,9737,9749,1486_-1_1532,207_-1,1486_-1,T,W,275.6547202460375
135,9737,9749,4251_-1_4273,207_-1,4251_-1,L,W,275.6547202460375
136,9738,9749,9738,4174_-1,246_-1,T,S,163.05870172628582
137,9738,9749,2310_-1_8337,4174_-1,2310_-1,L,S,163.05870172628582
138,9738,9749,460_-1_1583,246_-1,1554_-1,L,N,22.609144267454038
139,9738,9749,9738,246_-1,4174_-1,T,N,22.609144267454038
140,9738,9749,9738,2310_1,246_-1,L,W,266.21149033352185
141,9738,9749,460_-1_1583,2310_1,1554_-1,T,W,266.21149033352185
142,9739,9760,4061_-1_4086,5407_-1,4032_-1,T,W,258.58787298752065
143,9739,9760,4061_-1_4086,5407_-1,4032_-1,T,W,258.58787298752065
144,9739,9760,9740,5407_-1,573_-1,L,W,258.58787298752065
145,9739,9740,9739,573_1,5407_-1,R,N,1.4756690424896104
146,9739,9740,9740,4032_1,573_-1,R,E,97.95017408644838
147,9740,9740,9740,1437_1,5710_-1,T,E,80.9956934800516
148,9740,9740,1437_-1_1463,5710_-1,1437_-1,T,W,273.9636529301624
149,9740,9740,9741,1437_1,852_-1,R,E,80.9956934800516
150,9740,9741,9740,852_1,5710_-1,R,N,347.1073663771224
151,9740,9741,9741,5710_-1,852_-1,L,W,273.9636529301624
152,9740,9741,9741,1437_1,852_-1,R,E,80.9956934800516
153,9740,9739,9740,573_-1,5710_-1,L,S,194.8653858577994
154,9740,9739,9740,5710_-1,573_-1,R,W,273.9636529301624
155,9740,9739,1437_-1_1463,573_-1,1437_-1,R,S,194.8653858577994
156,9741,9739,9741,1601_1,5736_-1,T,E,75.56229850479646
157,9741,9767,1601_-1_12605,5736_-1,1601_-1,T,W,276.76236581740983
158,9741,9767,9741,1601_1,5736_-1,T,E,75.56229850479646
159,9741,9740,1601_-1_12605,852_-1,1601_-1,R,S,206.53296195115294
160,9741,9767,9741,5736_-1,852_-1,R,W,276.76236581740983
161,9742,9727,9742,3174_1,3184_-1,T,W,235.40360893851778
162,9742,9754,9742,3184_-1,4784_-1,R,S,157.10535676947475
163,9742,9754,9727,3184_-1,3174_-1,T,S,157.10535676947475
164,9742,9754,9742,3184_-1,4784_-1,R,S,157.10535676947475
165,9743,9754,6125_-1_6754,2404_-1,6098_-1,T,W,267.8336347687549
166,9743,9754,9743,6098_1,2404_-1,R,E,85.11503945808143
167,9743,9754,9743,6098_1,6196_-1,L,E,85.11503945808143
168,9743,9754,6125_-1_6754,2404_-1,6098_-1,T,W,267.8336347687549
169,9743,9754,6125_-1_6754,2404_-1,6098_-1,T,W,267.8336347687549
170,9743,9754,9743,6098_1,2404_-1,R,E,85.11503945808143
171,9744,9754,9744,2963_1,780_-1,L,S,180.64064072332732
172,9744,9754,179_-1_4951,2616_-1,2781_-1,L,N,1.6443735516319766
173,9744,9754,64_-1_2894,2616_-1,2963_-1,T,N,1.6443735516319766
174,9744,9754,179_-1_4951,780_-1,2781_-1,T,W,270.512713333168
175,9744,9754,64_-1_2894,2781_1,2963_-1,L,E,92.21385732777377
176,9744,9754,9744,2781_1,780_-1,T,E,92.21385732777377
177,9744,9754,9744,2963_1,2616_-1,T,S,180.64064072332732
178,9744,9754,9744,2781_1,780_-1,T,E,92.21385732777377
179,9744,9754,179_-1_4951,2616_-1,2781_-1,L,N,1.6443735516319766
180,9744,9754,179_-1_4951,2616_-1,2781_-1,L,N,1.6443735516319766
181,9744,9754,64_-1_2894,2616_-1,2963_-1,T,N,1.6443735516319766
182,9744,9754,9744,2963_1,2616_-1,T,S,180.64064072332732
183,9744,9754,179_-1_4951,780_-1,2781_-1,T,W,270.512713333168
184,9744,9754,9744,780_-1,2616_-1,L,W,270.512713333168
185,9744,9754,9744,2963_1,780_-1,L,S,180.64064072332732
186,9744,9754,9744,2963_1,780_-1,L,S,180.64064072332732
187,9744,9754,9744,2963_1,2616_-1,T,S,180.64064072332732
188,9744,9754,64_-1_2894,2616_-1,2963_-1,T,N,1.6443735516319766
189,9745,9754,4504_-1_18148,4412_1,4504_-1,R,S,183.58417049601914
190,9745,9754,4412_-1_3194,4504_1,4412_-1,L,E,89.91942824552963
191,9745,9754,9745,4504_1,4446_-1,R,E,89.91942824552963
192,9745,9754,4412_-1_3194,4446_-1,4412_-1,T,N,0.09847934925036253
193,9745,9754,9745,4446_-1,4480_-1,R,N,0.09847934925036253
194,9745,9836,9745,4480_-1,4446_-1,L,W,269.1157010341308
195,9745,9836,4412_-1_3194,4480_-1,4412_-1,R,W,269.1157010341308
196,9745,9836,9745,4412_1,4446_-1,T,S,183.58417049601914
197,9746,9836,9732,4588_-1,2888_-1,L,S,139.19059538565534
198,9746,9836,3336_-1_3349,4588_-1,3336_-1,T,S,139.19059538565534
199,9746,9732,3336_-1_3349,4588_-1,3336_-1,R,S,139.19059538565534
200,9748,9732,9748,3012_1,3235_-1,R,S,152.84014094956754
201,9748,9732,9748,3012_1,3470_-1,T,S,152.84014094956754
202,9748,9732,3012_-1_3036,3470_-1,3012_-1,T,N,26.39195142970147
203,9748,9732,3012_-1_3036,3470_-1,3012_-1,T,N,26.39195142970147
204,9748,9732,3012_-1_3036,4680_-1,3012_-1,R,W,275.76222926476
205,9748,9732,3012_-1_3036,3470_-1,3012_-1,T,N,26.39195142970147
206,9748,9732,9748,3012_1,3470_-1,T,S,152.84014094956754
207,9748,593,3012_-1_3036,4632_-1,3012_-1,T,N,338.4477358556956
208,9748,593,9748,4632_-1,4680_-1,R,N,338.4477358556956
209,9749,9732,9749,4746_1,4756_-1,T,E,75.95243074679401
210,9749,9733,3305,4756_-1,3305_-1,R,N,327.69460136556893
211,9749,9733,9732,4756_-1,4746_-1,T,N,327.69460136556893
212,9750,3317,9742,3163_-1,4784_-1,T,W,308.4474938534221
213,9750,9742,9750,4784_1,3163_-1,T,W,253.54582527819372
214,9750,9754,9750,4791_1,3163_-1,R,E,126.89992238177955
215,9751,9754,4818_-1_9165,3107_-1,4818_-1,T,E,86.679203413478
216,9751,9729,4818_-1_9165,3122_-1,4818_-1,L,S,163.9981050273809
217,9752,9729,9727,4844_-1,3572_-1,T,E,86.00232940667036
218,9752,9729,4853_-1_3107,4844_-1,4853_-1,R,E,86.00232940667036
219,9752,9729,9727,4844_-1,3572_-1,T,E,86.00232940667036
220,9752,9729,4853_-1_3107,4844_-1,4853_-1,R,E,86.00232940667036
221,9752,9729,9727,4844_-1,3572_-1,T,E,86.00232940667036
222,9752,9729,4853_-1_3107,4844_-1,4853_-1,R,E,86.00232940667036
223,9752,9729,9727,4844_-1,3572_-1,T,E,86.00232940667036
224,9752,9729,4853_-1_3107,4844_-1,4853_-1,R,E,86.00232940667036
225,9752,9729,9727,4844_-1,3572_-1,T,E,86.00232940667036
226,9752,9729,4853_-1_3107,4844_-1,4853_-1,R,E,86.00232940667036
227,9752,9729,9727,4844_-1,3572_-1,T,E,86.00232940667036
228,9752,9729,4853_-1_3107,4844_-1,4853_-1,R,E,86.00232940667036
229,9752,9729,9727,4844_-1,3572_-1,T,E,86.00232940667036
230,9752,9729,4853_-1_3107,4844_-1,4853_-1,R,E,86.00232940667036
231,9752,9729,9727,4844_-1,3572_-1,T,E,86.00232940667036
232,9752,9729,4853_-1_3107,4844_-1,4853_-1,R,E,86.00232940667036
233,9752,9729,9727,4844_-1,3572_-1,T,E,86.00232940667036
234,9752,9729,4853_-1_3107,4844_-1,4853_-1,R,E,86.00232940667036
235,9753,9729,9733,4868_-1,3296_-1,T,N,326.74940706961866
236,9753,9733,9753,3296_1,4868_-1,T,E,60.98827730174132
237,9753,9733,9730,4868_-1,4877_-1,R,N,326.74940706961866
238,9754,9733,9742,3349_-1,3184_-1,T,S,164.45850815781725
239,9754,9733,9754,3349_-1,4791_-1,R,S,164.45850815781725
240,9755,9742,4975_-1_2757,4951_-1,4975_-1,R,N,341.2171847389907
241,9755,9742,9755,4975_1,4951_-1,R,N,34.761557394290286
242,9755,9742,4975_-1_2757,4951_-1,4975_-1,R,N,341.2171847389907
243,9755,5936,4975_-1_2757,5936_1,4975_-1,R,S,174.95803929928744
244,9755,5936,5936,4951_-1,5936_-1,R,N,341.2171847389907
245,9756,5936,5048_-1_6769,5181_-1,5048_-1,T,S,179.25948885146013
246,9756,9758,5048_-1_6769,5082_-1,5048_-1,R,E,116.56557415251814
247,9756,9758,9756,5048_1,5181_-1,T,N,0.15895415428145693
248,9757,9758,5143_-1_5162,5108_-1,5143_-1,T,E,132.58104379193003
249,9757,9758,9758,5108_-1,5086_-1,R,E,132.58104379193003
250,9757,9758,5143_-1_5162,5108_-1,5143_-1,T,E,132.58104379193003
251,9757,9758,9757,5143_1,5108_-1,T,E,74.58254220573433
252,9757,9758,9793,5143_1,6648_-1,R,E,74.58254220573433
253,9757,9758,9757,5143_1,5108_-1,R,E,74.58254220573433
254,9757,9758,9793,5143_1,6648_-1,R,E,74.58254220573433
255,9758,9758,5209_-1_5196,5065_-1,5209_-1,R,E,87.44704507039387
256,9758,9758,9758,5209_1,5065_-1,R,W,269.97703435405884
257,9759,9757,5693_-1_5710,5579_-1,5693_-1,R,E,131.03809462636428
258,9759,9757,9759,5442_-1,5579_-1,R,N,337.40308040525844
259,9760,9739,5591_-1_5603,5407_1,5591_-1,R,S,151.55496051065793
260,9760,9739,9760,5591_1,1335_-1,R,W,311.9538573081732
261,9760,9739,5591_-1_5603,5407_1,5591_-1,R,S,151.55496051065793
262,9760,9739,9760,5591_1,1335_-1,R,W,311.9538573081732
263,9761,9739,9762,5514_1,5485_-1,R,W,253.14766586088075
264,9761,9762,5535_-1_5561,5485_1,5535_-1,R,N,44.79962874742982
265,9761,9762,9762,5514_1,5485_-1,R,W,253.14766586088075
266,9762,9761,5591_-1_5603,5485_-1,5591_-1,R,W,231.62167477988388
267,9762,9759,9762,5579_1,5485_-1,R,E,50.39581660503693
268,9763,9759,812,5611_-1,5756_-1,R,W,247.87927493459267
269,9763,812,5671_-1_4198,5756_1,5671_-1,R,E,54.08157874480567
270,9764,812,9759,5779_1,5442_-1,R,N,329.59433380730263
271,9764,9740,812,5710_1,5779_-1,R,S,159.73176301818174
272,9765,9740,2832_-1_3936,2724_-1,2832_-1,T,W,300.83393504086183
273,9765,9740,9765,2832_1,2724_-1,T,E,66.54465189331479
274,9765,9740,9765,2832_1,2724_-1,T,E,66.54465189331479
275,9765,9740,9765,2724_-1,5952_-1,R,W,300.83393504086183
276,9765,5952,2832_-1_3936,5952_-1,2832_-1,R,S,187.90904487504872
277,9765,5952,2832_-1_3936,2724_-1,2832_-1,R,W,300.83393504086183
278,9765,5952,9765,2724_-1,5952_-1,R,W,300.83393504086183
279,9767,5952,9741,1583_-1,5736_-1,T,W,290.4731672633568
280,9767,9741,9767,5736_1,1583_-1,T,E,64.71963576505604
281,9767,812,9767,1583_-1,5768_-1,R,W,290.4731672633568
282,9767,812,9741,5768_-1,5736_-1,R,S,174.1795398037681
283,9769,9824,5611_-1_5638,5992_-1,5611_-1,R,W,227.7282307385233
284,9769,9824,9769,5671_1,5992_-1,R,E,70.13212567634172
285,9770,6010,9767,6010_-1,1583_-1,R,E,48.18751515464552
286,9770,6010,9767,6010_-1,1583_-1,R,E,48.18751515464552
287,9770,9741,9770,5736_1,6010_-1,R,S,142.5672044533927
288,9771,9741,6125_-1_6754,506_-1,6125_-1,R,W,269.5517665972508
289,9772,9741,6160_-1_506,2404_-1,6160_-1,R,N,38.56614162009934
290,9773,9741,9744,179_1,2616_-1,R,S,178.98504374641536
291,9776,9741,179_-1_4951,64_1,179_-1,R,W,269.15137196410024
292,9777,9741,2310_-1_8337,3036_-1,2310_-1,R,E,89.30189216162454
293,9778,9741,4198_-1_392,2310_1,4198_-1,R,E,57.17427670375439
294,9779,9741,460_-1_1583,392_-1,460_-1,R,W,268.19954599844004
295,9780,9741,3036_-1_246,460_1,3036_-1,R,S,180.03162457796523
296,9781,9741,1486_-1_1532,4134_1,1486_-1,R,W,268.5623055720777
297,9782,9741,4291_-1_5611,1486_1,4291_-1,R,S,211.09563758273174
298,9783,9741,4152_-1_5535,1716_-1,4152_-1,R,N,0.02705919324595318
299,9784,9741,1716_-1_207,4273_1,1716_-1,R,E,88.15816405737836
300,9785,9741,9785,2081_1,4314_-1,T,S,196.763499333806
301,9785,9741,9785,2081_1,1992_-1,L,S,196.763499333806
302,9785,9741,387_-1_2135,4314_-1,2081_-1,T,N,346.5173446727861
303,9785,9741,9785,1992_-1,4314_-1,L,W,275.55899303100006
304,9785,9741,1268_-1_1311,1992_-1,1268_-1,T,W,275.55899303100006
305,9785,9741,387_-1_2135,1268_1,2081_-1,L,E,89.92183079750546
306,9787,9741,4336_-1_4364,1268_1,4336_-1,R,S,202.78923439537348
307,9788,9741,9785,4336_-1,1992_-1,R,E,88.55748296180427
308,9789,9741,387_-1_2135,1992_-1,387_-1,R,N,26.7624694469009
309,9790,9741,9790,3901_1,1900_-1,R,E,133.22884138017707
310,9790,9741,3901_-1_1790,1900_-1,3901_-1,R,W,254.31413899759445
311,9790,9741,9790,3901_1,1900_-1,R,E,133.22884138017707
312,9791,9741,6409_-1_6427,2338_1,6409_-1,R,W,311.07652928405645
313,9791,9741,2338_-1_8430,1790_1,2338_-1,R,S,160.13833398355894
314,9792,9741,1790_-1_1809,1980_-1,1790_-1,R,E,118.64719289083232
315,9792,9741,9792,6427_-1,1980_-1,R,N,341.6974923169481
316,9793,9757,9793,6648_-1,6661_-1,R,S,199.01401341129258
317,9793,9757,6808_-1_6798,6661_-1,6803_-1,L,N,37.29702926269062
318,9793,9757,9793,6648_-1,6661_-1,R,S,199.01401341129258
319,9793,9757,6808_-1_6798,6661_-1,6803_-1,L,N,37.29702926269062
320,9794,9757,9794,61_-1,171_-1,L,S,180.83058983045174
321,9794,9757,1184,61_-1,1184_-1,T,S,180.83058983045174
322,9794,9757,9794,2440_1,61_-1,L,E,88.2590109255557
323,9794,9757,9794,2440_1,171_-1,T,E,88.2590109255557
324,9794,1184,292_-1_2476,1184_1,2440_-1,L,N,3.515542464066749
325,9794,1184,9794,1184_1,61_-1,T,N,3.515542464066749
326,9794,1184,292_-1_2476,171_-1,2440_-1,T,W,256.13588360515786
327,9795,1184,1184,292_1,1184_-1,R,S,176.3400939845223
328,9796,1216,796_-1_61,1216_-1,796_-1,R,N,345.2649407135894
329,9797,1216,6784_-1_5090,8597_-1,6784_-1,T,S,160.72927384440325
330,9797,1216,9797,6784_1,8597_-1,T,N,25.06319131327854
331,9797,1216,9797,6798_-1,8597_-1,L,W,301.74112042891704
332,9797,1216,6784_-1_5090,8597_-1,6784_-1,T,S,160.72927384440325
333,9797,1216,9797,6784_1,8597_-1,T,N,25.06319131327854
334,9798,1216,7311,7133_-1,7311_-1,R,E,89.71076752550667
335,9799,1216,7153_-1_7252,7225_-1,7153_-1,T,W,270.29408501208974
336,9805,7285,7306,7285_1,7306_-1,R,W,270.3285959809055
337,9806,9807,7285,7231_-1,7285_-1,R,E,48.20869017701694
338,9807,9807,7316_-1_7225,7244_-1,7316_-1,T,N,13.846870504795838
339,9807,9807,9806,7244_-1,7231_-1,R,N,13.846870504795838
340,9808,9807,7237_-1_7244,6953_-1,7237_-1,R,N,16.526496324916582
341,9809,9807,9809,2034_1,7417_-1,T,E,90.43195695459426
342,9809,9807,2034_-1_2058,7417_-1,2034_-1,T,W,269.5933693151991
343,9810,9807,9810,7695_-1,7683_-1,T,S,181.0232417400966
344,9810,9807,7519_-1_7533,7695_-1,7519_-1,R,S,181.0232417400966
345,9810,9807,9810,7695_-1,7470_-1,L,S,181.0232417400966
346,9810,9807,9810,7519_1,7695_-1,L,E,88.90036127979808
347,9810,9807,9810,7519_1,7470_-1,T,E,88.90036127979808
348,9810,9807,9810,7519_1,7683_-1,R,E,88.90036127979808
349,9810,9807,7519_-1_7533,7683_-1,7519_-1,L,N,356.69681595606374
350,9810,9807,9810,7683_-1,7695_-1,T,N,356.69681595606374
351,9810,9807,9810,7683_-1,7470_-1,R,N,356.69681595606374
352,9810,9807,9810,7470_-1,7683_-1,L,W,275.34213229808955
353,9810,9807,7519_-1_7533,7470_-1,7519_-1,T,W,275.34213229808955
354,9810,9807,9810,7470_-1,7695_-1,R,W,275.34213229808955
355,9811,9807,9811,7442_1,7504_-1,T,E,104.12896882774716
356,9811,9827,7442_-1_7461,8558_-1,7442_-1,R,S,190.67018057126722
357,9811,627,9811,8682_1,8558_-1,L,N,341.2627127925854
358,9811,627,9811,8682_1,7504_-1,L,N,341.2627127925854
359,9811,627,7442_-1_7461,8682_1,7442_-1,L,N,341.2627127925854
360,9811,627,627,7442_1,8682_-1,R,E,104.12896882774716
361,9811,627,9811,7504_-1,8558_-1,R,W,260.9687724236809
362,9812,627,7482_-1_7493,8597_-1,7482_-1,R,W,244.3916199584549
363,9812,627,5090_-1_5108,7482_1,5090_-1,R,N,41.194236630966195
364,9813,627,9848,7559_-1,7574_-1,T,E,99.69647530766639
365,9813,9848,9813,7574_1,7559_-1,T,W,263.3444238330557
366,9813,9848,9848,7559_-1,7574_-1,T,E,99.69647530766639
367,9813,9848,9848,7559_-1,7574_-1,T,E,99.69647530766639
368,9813,9848,9848,7559_-1,7574_-1,T,E,99.69647530766639
369,9813,9848,9848,7559_-1,7574_-1,T,E,99.69647530766639
370,9814,9848,24807_-1_7582,7607_-1,7591_-1,T,W,269.0638864753123
371,9814,9848,9814,7591_1,7607_-1,T,E,89.06388647530748
372,9814,9848,24807_-1_7582,7607_-1,7591_-1,T,W,269.0638864753123
373,9814,9848,9814,7591_1,7607_-1,T,E,89.06388647530748
374,9815,9848,7928_-1_7848,7823_1,7928_-1,R,E,62.23103074925768
375,9815,9848,7823_-1_7835,355_-1,7823_-1,R,W,251.26170700732246
376,9816,9848,7835_-1_7806,7904_-1,7835_-1,R,W,270.1523563820227
377,9817,9848,7975_-1_7987,7995_-1,7975_-1,T,S,180.34011255074307
378,9817,9848,7621_-1_7638,7995_-1,7621_-1,R,S,180.34011255074307
379,9817,9848,9817,7995_-1,7806_-1,L,S,180.34011255074307
380,9817,9848,9817,7621_1,7995_-1,L,E,88.81862759958413
381,9817,9848,7621_-1_7638,7975_1,7621_-1,L,N,0.11383588106019554
382,9817,9848,9817,7975_1,7806_-1,R,N,0.11383588106019554
383,9817,9848,7975_-1_7987,7806_-1,7975_-1,L,W,269.79000099038313
384,9817,9848,7621_-1_7638,7806_-1,7621_-1,T,W,269.79000099038313
385,9817,9848,9817,7806_-1,7995_-1,R,W,269.79000099038313
386,9817,9848,7975_-1_7987,7621_1,7975_-1,R,E,88.81862759958413
387,9818,9848,8091_-1_8101,7963_-1,8091_-1,T,S,182.7747637883088
388,9818,9848,9818,7963_-1,8064_-1,L,S,182.7747637883088
389,9818,9848,8047_-1_8057,7963_-1,8047_-1,R,S,182.7747637883088
390,9818,9848,9818,8047_1,8064_-1,T,E,89.5549504171251
391,9818,9848,9818,8047_1,7963_-1,L,E,89.5549504171251
392,9818,9848,8091_-1_8101,8047_1,8091_-1,R,E,89.5549504171251
393,9818,9848,9818,8091_1,7963_-1,T,N,357.864428393912
394,9818,9848,8047_-1_8057,8091_1,8047_-1,L,N,357.864428393912
395,9818,9848,9818,8091_1,8064_-1,R,N,357.864428393912
396,9818,9848,8047_-1_8057,8064_-1,8047_-1,T,W,269.2435287629626
397,9818,9848,8091_-1_8101,8064_-1,8091_-1,L,W,269.2435287629626
398,9818,9848,9818,8064_-1,7963_-1,R,W,269.2435287629626
399,9819,9848,8148_-1_615,8172_-1,8148_-1,T,S,180.2099780548245
400,9819,9848,8074_-1_8084,8172_-1,8074_-1,R,S,180.2099780548245
401,9819,9848,9819,8172_-1,8162_-1,L,S,180.2099780548245
402,9819,9848,9819,8074_1,8172_-1,L,E,89.75825562373696
403,9819,9848,8148_-1_615,8074_1,8148_-1,R,E,89.75825562373696
404,9819,9848,9819,8148_1,8172_-1,T,N,358.12364261833517
405,9819,9848,9819,8148_1,8162_-1,R,N,358.12364261833517
406,9819,9848,8074_-1_8084,8148_1,8074_-1,L,N,358.12364261833517
407,9819,9848,8148_-1_615,8162_-1,8148_-1,L,W,269.8672317462973
408,9819,9848,9819,8162_-1,8172_-1,R,W,269.8672317462973
409,9822,9848,8263_-1_8273,8243_-1,8263_-1,T,S,180.84609973289986
410,9822,9848,8253_-1_8354,8243_-1,8253_-1,R,S,180.84609973289986
411,9822,9848,9822,8243_-1,8287_-1,L,S,180.84609973289986
412,9822,9848,9822,8253_1,8243_-1,L,E,89.33988738259823
413,9822,9848,8263_-1_8273,8253_1,8263_-1,R,E,89.33988738259823
414,9822,9848,9822,8263_1,8243_-1,T,N,358.251395989359
415,9822,9848,8253_-1_8354,8263_1,8253_-1,L,N,358.251395989359
416,9822,9848,9822,8263_1,8287_-1,R,N,358.251395989359
417,9822,9848,8253_-1_8354,8287_-1,8253_-1,T,W,268.3261247618069
418,9822,9848,8263_-1_8273,8287_-1,8263_-1,L,W,268.3261247618069
419,9822,9848,9822,8287_-1,8243_-1,R,W,268.3261247618069
420,9823,9824,8371_-1_8379,8385_-1,8371_-1,T,S,181.1617823562121
421,9823,9824,9823,8385_-1,8344_-1,R,S,181.1617823562121
422,9823,9824,9823,8385_-1,8361_-1,L,S,181.1617823562121
423,9823,9824,9823,8344_-1,8385_-1,L,E,84.80047876536239
424,9823,9824,8371_-1_8379,8344_-1,8371_-1,R,E,84.80047876536239
425,9823,9824,9823,8371_1,8385_-1,L,N,358.4256380048505
426,9823,9824,9823,8371_1,8344_-1,L,N,358.4256380048505
427,9823,9824,9823,8371_1,8361_-1,R,N,358.4256380048505
428,9823,9824,9823,8361_-1,8344_-1,T,W,266.74793715103254
429,9823,9824,8371_-1_8379,8361_-1,8371_-1,L,W,266.74793715103254
430,9823,9824,9823,8361_-1,8385_-1,R,W,266.74793715103254
431,9824,9824,9823,8430_-1,8385_-1,T,S,204.02437255027326
432,9824,9824,9769,8430_-1,5992_-1,R,S,204.02437255027326
433,9824,9769,9823,5992_1,8385_-1,R,E,69.08368797078134
434,9824,9823,9824,8385_1,8430_-1,T,N,338.78960129900713
435,9825,9823,8447_-1_8458,8466_1,8447_-1,T,S,169.79780859352576
436,9825,9823,8485_-1_8494,8466_1,8485_-1,L,S,169.79780859352576
437,9825,9823,8466_-1_8478,8447_1,8466_-1,T,N,5.421178316788763
438,9825,9823,8485_-1_8494,8447_1,8485_-1,R,N,5.421178316788763
439,9825,9823,8447_-1_8458,8485_1,8447_-1,L,W,278.32890216912756
440,9825,9823,8466_-1_8478,8485_1,8466_-1,R,W,278.32890216912756
441,9825,23720,8485_-1_8494,24732_1,8485_-1,T,E,93.79397203578955
442,9825,23720,8447_-1_8458,24732_1,8447_-1,R,E,93.79397203578955
443,9825,23720,23720,8466_1,24732_-1,R,S,169.79780859352576
444,9827,8530,9811,8530_1,8558_-1,R,S,183.65072076975162
445,9827,8530,9827,8530_1,8502_-1,R,S,183.65072076975162
446,9827,8530,9827,8530_1,8550_-1,R,S,183.65072076975162
447,9827,8530,8530,8502_-1,8530_-1,L,E,85.85026426853439
448,9827,8530,9811,8502_-1,8558_-1,R,E,85.85026426853439
449,9827,9811,8530,8558_1,8530_-1,T,N,358.5975627616017
450,9827,9811,9827,8558_1,8502_-1,L,N,358.5975627616017
451,9827,9811,9827,8558_1,8550_-1,R,N,358.5975627616017
452,9827,9811,9827,8550_-1,8502_-1,T,W,274.98660022837737
453,9827,9811,9811,8550_-1,8558_-1,L,W,274.98660022837737
454,9827,9811,8530,8550_-1,8530_-1,R,W,274.98660022837737
455,9829,9811,8667,6953_1,8667_-1,R,W,241.55880287290728
456,9829,9811,6953_-1_6918,8667_-1,6953_-1,R,N,318.55980139514133
457,9831,9811,8280_-1_8287,6769_-1,8280_-1,R,N,317.23115766138255
458,9831,9811,6769_-1_1057,8280_1,6769_-1,R,E,49.86932837121812
459,9831,9811,723,8280_1,23576_-1,R,E,49.86932837121812
460,9832,9811,9833,8379_-1,8775_-1,L,S,205.07735462328466
461,9832,9811,8784_-1_4680,8379_-1,8784_-1,R,S,205.07735462328466
462,9832,9811,9833,8784_1,8775_-1,R,E,95.63256893382896
463,9832,9811,9832,8784_1,8379_-1,L,E,95.63256893382896
464,9832,9833,8784_-1_4680,8775_1,8784_-1,L,N,335.02629252570637
465,9833,9832,8767_-1_4641,8775_-1,8767_-1,R,S,176.73676592140953
466,9833,9832,9833,8775_-1,8759_-1,L,S,176.73676592140953
467,9833,9832,9833,8767_1,8775_-1,L,E,63.671785641843776
468,9833,9837,8767_-1_4641,8759_-1,8767_-1,T,W,292.3436072397896
469,9833,9837,9833,8759_-1,8775_-1,R,W,292.3436072397896
470,9834,9837,8931_-1_674,8938_1,8931_-1,T,S,178.3806294811149
471,9834,9837,8894_-1_8905,8938_1,8894_-1,R,S,178.3806294811149
472,9834,9837,9834,8938_1,8921_-1,L,S,178.3806294811149
473,9834,9837,8938_-1_727,8894_1,8938_-1,L,E,83.08731174320846
474,9834,9837,8931_-1_674,8894_1,8931_-1,R,E,83.08731174320846
475,9834,9837,8938_-1_727,8931_1,8938_-1,T,N,0.23828435241540963
476,9834,9837,9834,8931_1,8921_-1,R,N,0.23828435241540963
477,9834,9837,8894_-1_8905,8931_1,8894_-1,L,N,0.23828435241540963
478,9834,9837,8931_-1_674,8921_-1,8931_-1,L,W,269.43577300563805
479,9834,9837,8938_-1_727,8921_-1,8938_-1,R,W,269.43577300563805
480,9836,9837,9029_-1_23493,9022_1,9029_-1,T,S,179.09174457544353
481,9836,9837,9745,9022_1,4480_-1,R,S,179.09174457544353
482,9836,9837,9836,9022_1,8865_-1,L,S,179.09174457544353
483,9836,9745,9022_-1_23505,4480_1,9022_-1,L,E,92.60170530082189
484,9836,9745,9029_-1_23493,4480_1,9029_-1,R,E,92.60170530082189
485,9836,9745,9022_-1_23505,9029_1,9022_-1,T,N,4.279461315127978
486,9836,9745,9745,9029_1,4480_-1,L,N,4.279461315127978
487,9836,9745,9836,9029_1,8865_-1,R,N,4.279461315127978
488,9836,9745,9745,8865_-1,4480_-1,T,W,265.9817210586972
489,9836,9745,9029_-1_23493,8865_-1,9029_-1,L,W,265.9817210586972
490,9836,9745,9022_-1_23505,8865_-1,9022_-1,R,W,265.9817210586972
491,9837,9833,9837,8759_1,8751_-1,T,E,100.33045528709695
492,9837,9833,9847,8759_1,9074_-1,R,E,100.33045528709695
493,9837,9833,23797,8759_1,9083_-1,L,E,100.33045528709695
494,9837,9847,9833,9074_1,8759_-1,L,N,353.96405992390004
495,9837,9847,9837,9074_1,8751_-1,R,N,353.96405992390004
496,9837,9847,9833,8751_-1,8759_-1,T,W,251.20144411606609
497,9837,9847,9847,8751_-1,9074_-1,L,W,251.20144411606609
498,9837,9847,23797,8751_-1,9083_-1,R,W,251.20144411606609
499,9838,9847,9113_-1_9279,8722_-1,9113_-1,T,S,182.8556153989034
500,9838,9847,8744_-1_8751,8722_-1,8744_-1,R,S,182.8556153989034
501,9838,9847,9838,8722_-1,8738_-1,L,S,182.8556153989034
502,9838,9847,9838,8744_1,8722_-1,L,E,86.79941739705072
503,9838,9847,9113_-1_9279,8744_1,9113_-1,R,E,86.79941739705072
504,9838,9847,9838,9113_1,8722_-1,T,N,355.8990793166601
505,9838,9847,8744_-1_8751,9113_1,8744_-1,L,N,355.8990793166601
506,9838,9847,9838,9113_1,8738_-1,R,N,355.8990793166601
507,9838,9847,8744_-1_8751,8738_-1,8744_-1,T,W,269.2693069602249
508,9838,9847,9113_-1_9279,8738_-1,9113_-1,L,W,269.2693069602249
509,9838,9847,9838,8738_-1,8722_-1,R,W,269.2693069602249
510,9840,9847,9841,9165_-1,9171_-1,T,E,130.88393324481282
511,9840,9847,9212_-1_8855,9165_-1,9202_-1,R,E,130.88393324481282
512,9840,9847,9841,9202_1,9171_-1,R,W,303.37615428289905
513,9840,9847,9212_-1_8855,9165_-1,9202_-1,R,E,130.88393324481282
514,9841,9840,742,9171_-1,9177_-1,T,S,178.8674741347053
515,9841,9840,649,9171_-1,9182_-1,L,S,178.8674741347053
516,9842,738,9846,9274_-1,9266_-1,T,S,218.42908504494824
517,9842,650,9846,9344_-1,9266_-1,L,N,334.6289854341989
518,9846,9846,9847,9279_-1,9228_-1,R,S,163.65330708380898
519,9846,9847,9846,9228_1,9266_-1,T,E,77.3503897154822
520,9846,9842,9847,9266_-1,9228_-1,T,W,291.78443094086276
521,9846,9842,9846,9266_-1,9279_-1,R,W,291.78443094086276
522,9847,9846,9245_-1_9253,9228_-1,9245_-1,T,N,319.43295610012433
523,9847,9846,9237,9228_-1,9237_-1,L,N,319.43295610012433
524,9847,9846,9847,9228_-1,9074_-1,R,N,319.43295610012433
525,9847,9837,9245_-1_9253,9074_-1,9245_-1,R,E,134.26116059556662
526,9847,9837,9237,9074_-1,9237_-1,R,E,134.26116059556662
527,9848,865,7599_-1_7607,865_-1,7599_-1,T,W,286.2665084503642
528,9849,22267,1010,997_-1,1010_-1,T,S,169.2792675352408
529,9849,9717,9849,1006_-1,997_-1,R,N,349.70114316385195
530,9850,22253,983,974_-1,983_-1,R,S,189.96815192152806
531,9850,987,9850,987_-1,974_-1,L,N,10.397043391106129
532,9850,22253,983,974_-1,983_-1,R,S,189.96815192152806
533,9850,987,9850,987_-1,974_-1,L,N,10.397043391106129
534,9855,22282,22260,1050_-1,1037_-1,R,S,159.64748947774052
535,9855,22260,9720,1037_1,1046_-1,T,N,337.8423845381561
536,9855,22282,22260,1050_-1,1037_-1,R,S,159.64748947774052
537,9856,9718,22268,1021_-1,1025_-1,L,S,185.3314564572703
538,9856,22268,22281,1025_1,1017_-1,R,N,5.266254145474093
539,9856,9718,22268,1021_-1,1025_-1,L,S,185.3314564572703
540,19611,9718,19611,10660_1,10282_-1,R,S,166.69403575493135
541,19611,9718,10670_-1_19612,10282_-1,10660_-1,L,N,345.74861495420265
542,19611,9718,10707_-1_19613,10282_-1,10699_-1,R,N,345.74861495420265
543,19611,9718,19611,10660_1,10282_-1,R,S,166.69403575493135
544,19611,9718,10670_-1_19612,10282_-1,10660_-1,L,N,345.74861495420265
545,19611,9718,19611,10660_1,10282_-1,R,S,166.69403575493135
546,19611,9718,10670_-1_19612,10282_-1,10660_-1,L,N,345.74861495420265
547,19611,9718,19611,10660_1,10282_-1,R,S,166.69403575493135
548,19611,9718,10670_-1_19612,10282_-1,10660_-1,L,N,345.74861495420265
549,19611,9718,19611,10660_1,10282_-1,R,S,166.69403575493135
550,19611,9718,10670_-1_19612,10282_-1,10660_-1,L,N,345.74861495420265
551,19611,9718,19611,10660_1,10282_-1,R,S,166.69403575493135
552,19611,9718,10670_-1_19612,10282_-1,10660_-1,L,N,345.74861495420265
553,19612,19626,19612,10527_-1,10670_-1,T,E,97.75226009770535
554,19612,19626,19612,10573_-1,10670_-1,T,S,183.56828170877247
555,19612,19626,19612,10670_-1,10573_-1,T,N,323.0661601992788
556,19613,19626,19614,10707_-1,10510_-1,T,E,45.644374208870495
557,19613,19614,19613,10510_1,10707_-1,T,S,180.51787502316324
558,19613,19614,19617,10707_-1,10517_-1,R,E,45.644374208870495
559,19614,19615,19614,10744_1,10553_-1,L,N,22.466805600116885
560,19614,19613,19614,10510_-1,10553_-1,T,N,339.64138825619125
561,19614,19613,19615,10553_-1,10744_-1,R,S,186.81665035352842
562,19615,10522,19615,10522_-1,10744_-1,T,E,127.62876414088043
563,19615,19614,632,10744_-1,10532_-1,R,N,325.8186247475947
564,19617,19613,10544_-1_16381,10517_-1,10544_-1,R,N,32.07306326044483
565,19617,19619,10544_-1_16381,10536_-1,10544_-1,T,S,147.1848736896625
566,19617,19619,19617,10544_1,10536_-1,T,W,247.79107387525306
567,19618,19619,19619,10636_-1,10626_-1,T,W,256.83106271244094
568,19618,19619,19618,10626_1,10636_-1,T,E,76.8310626300542
569,19619,19618,19619,10626_-1,10832_-1,T,W,232.39897927729345
570,19619,19618,19617,10832_-1,10536_-1,R,E,84.97244514480174
571,19621,19625,10606_-1_10563,10616_-1,10606_-1,T,S,157.337019623009
572,19622,23463,19623,10490_-1,10479_-1,T,W,307.6457941072859
573,19622,19623,19641,10479_1,10486_-1,R,S,139.18858217891588
574,19623,19624,10584_-1_10595,10466_-1,10584_-1,T,S,163.378590138187
575,19623,19622,10584_-1_10595,10479_-1,10584_-1,L,S,217.70328914149178
576,19624,19622,19626,10502_-1,10473_-1,R,S,223.3685071813971
577,19624,19622,19623,10502_-1,10466_-1,T,S,223.3685071813971
578,19624,19623,19624,10466_1,10502_-1,T,N,5.9823208773733745
579,19625,19623,10495_-1_10502,10908_-1,10495_-1,R,S,181.72614570204607
580,19625,19623,19621,10908_-1,10616_-1,T,S,181.72614570204607
581,19625,19621,19625,10616_1,10908_-1,R,N,354.61993721627397
582,19625,19621,19621,10908_-1,10616_-1,T,S,181.72614570204607
583,19625,19621,19625,10616_1,10908_-1,R,N,354.61993721627397
584,19626,19621,10428_-1_10446,10300_-1,10428_-1,R,E,93.41579989131318
585,19626,19621,19626,10428_1,10300_-1,T,W,265.28770339841464
586,19626,19624,19626,10473_-1,10300_-1,R,S,204.20792020226386
587,19626,19624,19612,10300_-1,10527_-1,R,E,93.41579989131318
588,19628,19624,22372,11041_1,11416_-1,R,E,88.93401778700749
589,19632,19624,23452,11490_1,11597_-1,R,W,235.83404046471554
590,19633,19639,11431_-1_11444,11406_-1,11431_-1,R,N,344.0695021929816
591,19634,19639,19635,11431_1,11411_-1,R,E,88.91416913282251
592,19635,19634,11372_-1_11241,11411_-1,11372_-1,R,E,58.74441791480606
593,19637,22355,11457_-1_11551,11401_-1,11457_-1,R,S,151.47689540643378
594,19638,22355,11396,11457_-1,11396_-1,R,W,268.4041639496332
595,19639,22355,19633,11265_-1,11406_-1,R,N,38.330723212934686
596,19641,19622,10385_-1_10811,10486_-1,10385_-1,R,E,52.93612894254294
597,19642,19622,19642,10216_1,10125_-1,T,S,165.67231230825794
598,19642,19622,11747,10216_1,11747_-1,R,S,165.67231230825794
599,19642,19622,19642,10216_1,11762_-1,L,S,165.67231230825794
600,19642,11747,10216_-1_10242,11747_1,10216_-1,L,E,82.73147484553517
601,19642,11747,19642,11747_1,11762_-1,T,E,82.73147484553517
602,19642,11747,11747,10125_-1,11747_-1,L,N,15.050014461416824
603,19642,11747,10216_-1_10242,10125_-1,10216_-1,T,N,15.050014461416824
604,19642,11747,19642,10125_-1,11762_-1,R,N,15.050014461416824
605,19642,11747,19642,11762_-1,10125_-1,L,W,272.6311813958521
606,19642,11747,11747,11762_-1,11747_-1,T,W,272.6311813958521
607,19642,11747,10216_-1_10242,11762_-1,10216_-1,R,W,272.6311813958521
608,19643,11747,19642,11747_1,10125_-1,R,W,230.7793171006352
609,19644,11747,19644,10169_1,135_-1,L,S,175.58243685752808
610,19644,11747,19644,10169_1,32_-1,T,S,175.58243685752808
611,19644,11747,10169_-1_10201,11673_1,10169_-1,L,E,102.05033229115739
612,19644,11747,19644,11673_1,135_-1,T,E,102.05033229115739
613,19644,11747,241_-1_213,32_-1,11673_-1,L,N,11.909487406550522
614,19644,11747,10169_-1_10201,32_-1,10169_-1,T,N,11.909487406550522
615,19644,11747,241_-1_213,135_-1,11673_-1,T,W,273.46149847232425
616,19644,11747,19644,135_-1,32_-1,L,W,273.46149847232425
617,19645,11747,213,10169_1,213_-1,R,W,303.17941937366703
618,19646,11747,11709_-1_32,241_1,11709_-1,R,S,178.40297810777415
619,19647,11709,10072_-1_166,11709_-1,10072_-1,R,E,88.35902824855783
620,19649,11709,11921,270_-1,11921_-1,T,S,186.94565695390568
621,19649,11709,19649,270_-1,288_-1,L,S,186.94565695390568
622,19649,11709,19649,10033_1,270_-1,L,E,98.67258568127701
623,19649,11709,19649,10033_1,288_-1,R,E,98.67258568127701
624,19649,11921,10033_-1_10059,11921_1,10033_-1,L,N,356.29803662612534
625,19649,11921,19649,11921_1,270_-1,T,N,356.29803662612534
626,19649,11921,11921,288_-1,11921_-1,L,W,274.07951374370487
627,19649,11921,10033_-1_10059,288_-1,10033_-1,T,W,274.07951374370487
628,19649,11921,19649,10033_1,288_-1,R,E,98.67258568127701
629,19650,11921,11921,10033_1,11921_-1,R,S,221.2993693098066
630,19651,11921,9918_-1_201,11921_1,9918_-1,R,S,157.73281998950614
631,19652,11921,11902_-1_270,201_-1,11902_-1,R,N,3.320275437656074
632,19653,11921,10033_-1_10059,11902_-1,10033_-1,R,W,270.0098936131415
633,19654,11921,19654,9961_1,9879_-1,T,E,61.99657076236528
634,19654,11921,120_-1_10004,9879_-1,9961_-1,T,W,287.7209895934925
635,19654,11921,348_-1_322,9961_1,11772_-1,L,E,61.99657076236528
636,19654,11921,19654,11772_1,9879_-1,L,S,199.7328239829309
637,19656,11921,19656,13363_-1,13388_-1,R,S,150.05374417521065
638,19656,11921,19659,13363_-1,13555_-1,T,S,150.05374417521065
639,19656,19659,19656,13555_1,13363_-1,T,S,222.67315697875853
640,19657,19659,19657,13442_1,13262_-1,R,N,352.8092477928594
641,19657,19659,13442_-1_13464,13262_-1,13442_-1,T,E,69.72088122415957
642,19657,19659,19658,13442_1,13436_-1,R,N,352.8092477928594
643,19657,19659,19657,13442_1,13262_-1,R,N,352.8092477928594
644,19657,19659,19658,13442_1,13436_-1,R,N,352.8092477928594
645,19658,19659,19658,13319_1,13532_-1,T,S,175.24118582139096
646,19658,19659,13319_-1_13287,13532_-1,13319_-1,T,N,3.286294474056693
647,19658,19659,19658,13319_1,13532_-1,T,S,175.24118582139096
648,19658,19659,13319_-1_13287,13532_-1,13319_-1,T,N,3.286294474056693
649,19658,19659,19658,13319_1,13430_-1,R,S,175.24118582139096
650,19658,19659,13319_-1_13287,13532_-1,13319_-1,T,N,3.286294474056693
651,19658,19659,19658,13319_1,13532_-1,T,S,175.24118582139096
652,19658,19657,13319_-1_13287,13436_-1,13319_-1,R,W,290.2408904333844
653,19659,19657,19659,13402_1,13555_-1,L,S,196.5714751177612
654,19659,19668,13402_-1_13416,13383_-1,13402_-1,R,N,1.0470693941026292
655,19659,19656,13402_-1_13416,13555_-1,13402_-1,R,S,146.34438821662928
656,19660,19656,12640_-1_12659,12707_-1,12640_-1,R,S,191.69314167516313
657,19660,19656,19660,12707_-1,12623_-1,L,S,191.69314167516313
658,19660,19656,12640_-1_12659,12623_-1,12640_-1,T,W,284.0000648441395
659,19660,19656,19660,12623_-1,12707_-1,R,W,284.0000648441395
660,19660,19656,19660,12640_1,12707_-1,L,E,69.24692029992953
661,19660,19656,19660,12640_1,12623_-1,R,E,69.24692029992953
662,19660,19656,19660,12640_1,12623_-1,R,E,69.24692029992953
663,19662,19656,13884_-1_13898,14439_1,13884_-1,R,S,190.38122338968043
664,19662,19656,19662,14439_1,16074_-1,T,S,190.38122338968043
665,19662,19656,19662,14439_1,4_-1,L,S,190.38122338968043
666,19662,19656,14462_-1_14479,13884_1,14439_-1,L,E,83.42439371035907
667,19662,19656,19662,13884_1,16074_-1,R,E,83.42439371035907
668,19662,19656,13884_-1_13898,4_-1,13884_-1,T,W,267.8605621119208
669,19662,19656,13884_-1_13898,16074_-1,13884_-1,L,N,348.59811972295813
670,19662,19656,19662,13884_1,16074_-1,R,E,83.42439371035907
671,19662,19656,19662,14439_1,16074_-1,T,S,190.38122338968043
672,19662,19656,13884_-1_13898,16074_-1,13884_-1,L,N,348.59811972295813
673,19662,19656,14439_-1_14462,16074_-1,14439_-1,T,N,348.59811972295813
674,19662,19656,19662,14439_1,16074_-1,T,S,190.38122338968043
675,19662,19656,19662,4_-1,16074_-1,L,W,267.8605621119208
676,19662,19656,19662,13884_1,16074_-1,R,E,83.42439371035907
677,19662,19656,19662,14439_1,16074_-1,T,S,190.38122338968043
678,19662,19656,13884_-1_13898,16074_-1,13884_-1,L,N,348.59811972295813
679,19662,19656,14439_-1_14462,16074_-1,14439_-1,T,N,348.59811972295813
680,19662,19656,19662,14439_1,16074_-1,T,S,190.38122338968043
681,19662,19656,19662,4_-1,16074_-1,L,W,267.8605621119208
682,19662,19656,19662,13884_1,16074_-1,R,E,83.42439371035907
683,19662,19656,19662,14439_1,16074_-1,T,S,190.38122338968043
684,19662,19656,13884_-1_13898,16074_-1,13884_-1,L,N,348.59811972295813
685,19662,19656,14439_-1_14462,16074_-1,14439_-1,T,N,348.59811972295813
686,19662,19656,19662,14439_1,16074_-1,T,S,190.38122338968043
687,19662,19656,19662,4_-1,16074_-1,L,W,267.8605621119208
688,19662,19656,19662,13884_1,16074_-1,R,E,83.42439371035907
689,19662,19656,19662,14439_1,16074_-1,T,S,190.38122338968043
690,19662,19656,13884_-1_13898,16074_-1,13884_-1,L,N,348.59811972295813
691,19662,19656,14439_-1_14462,16074_-1,14439_-1,T,N,348.59811972295813
692,19662,19656,19662,14439_1,16074_-1,T,S,190.38122338968043
693,19662,19656,19662,4_-1,16074_-1,L,W,267.8605621119208
694,19662,19656,19662,13884_1,16074_-1,R,E,83.42439371035907
695,19662,19656,19662,14439_1,16074_-1,T,S,190.38122338968043
696,19662,19656,13884_-1_13898,16074_-1,13884_-1,L,N,348.59811972295813
697,19662,19656,14439_-1_14462,16074_-1,14439_-1,T,N,348.59811972295813
698,19662,19656,19662,14439_1,16074_-1,T,S,190.38122338968043
699,19662,19656,19662,4_-1,16074_-1,L,W,267.8605621119208
700,19662,19656,19662,13884_1,16074_-1,R,E,83.42439371035907
701,19662,19656,19662,14439_1,16074_-1,T,S,190.38122338968043
702,19662,19656,13884_-1_13898,16074_-1,13884_-1,L,N,348.59811972295813
703,19662,19656,14439_-1_14462,16074_-1,14439_-1,T,N,348.59811972295813
704,19662,19656,19662,14439_1,16074_-1,T,S,190.38122338968043
705,19662,19656,19662,4_-1,16074_-1,L,W,267.8605621119208
706,19662,19656,19662,13884_1,16074_-1,R,E,83.42439371035907
707,19662,19656,19662,14439_1,16074_-1,T,S,190.38122338968043
708,19662,19656,13884_-1_13898,16074_-1,13884_-1,L,N,348.59811972295813
709,19662,19656,14439_-1_14462,16074_-1,14439_-1,T,N,348.59811972295813
710,19662,19656,19662,14439_1,16074_-1,T,S,190.38122338968043
711,19662,19656,19662,4_-1,16074_-1,L,W,267.8605621119208
712,19662,19656,19662,13884_1,16074_-1,R,E,83.42439371035907
713,19662,19656,19662,14439_1,16074_-1,T,S,190.38122338968043
714,19662,19656,13884_-1_13898,16074_-1,13884_-1,L,N,348.59811972295813
715,19662,19656,14439_-1_14462,16074_-1,14439_-1,T,N,348.59811972295813
716,19662,19656,19662,14439_1,16074_-1,T,S,190.38122338968043
717,19662,19656,19662,4_-1,16074_-1,L,W,267.8605621119208
718,19662,19656,19662,13884_1,16074_-1,R,E,83.42439371035907
719,19662,19656,19662,14439_1,16074_-1,T,S,190.38122338968043
720,19662,19656,13884_-1_13898,16074_-1,13884_-1,L,N,348.59811972295813
721,19662,19656,14439_-1_14462,16074_-1,14439_-1,T,N,348.59811972295813
722,19662,19656,19662,14439_1,16074_-1,T,S,190.38122338968043
723,19662,19656,19662,4_-1,16074_-1,L,W,267.8605621119208
724,19662,19656,19662,13884_1,16074_-1,R,E,83.42439371035907
725,19662,19656,19662,14439_1,16074_-1,T,S,190.38122338968043
726,19662,19656,13884_-1_13898,16074_-1,13884_-1,L,N,348.59811972295813
727,19662,19656,14439_-1_14462,16074_-1,14439_-1,T,N,348.59811972295813
728,19662,19656,19662,14439_1,16074_-1,T,S,190.38122338968043
729,19662,19656,19662,4_-1,16074_-1,L,W,267.8605621119208
730,19662,19656,19662,13884_1,16074_-1,R,E,83.42439371035907
731,19662,19656,19662,14439_1,16074_-1,T,S,190.38122338968043
732,19663,19656,19663,14354_1,116_-1,L,S,175.01568392349003
733,19663,19656,14376_-1_14411,12928_1,14354_-1,L,E,98.78842827608322
734,19663,19656,499_-1_583,14233_-1,12928_-1,L,N,10.74191454063541
735,19663,19656,14376_-1_14411,14233_-1,14354_-1,T,N,10.74191454063541
736,19663,19656,19663,116_-1,14233_-1,L,W,268.70562388911304
737,19663,19656,499_-1_583,116_-1,12928_-1,T,W,268.70562388911304
738,19663,19656,14376_-1_14411,14233_-1,14354_-1,T,N,10.74191454063541
739,19663,19656,19663,12928_1,116_-1,T,E,98.78842827608322
740,19663,19656,19663,14354_1,14233_-1,T,S,175.01568392349003
741,19664,19656,19664,12909_1,13777_-1,T,E,92.78363200047316
742,19664,19656,12909_-1_14779,13777_-1,12909_-1,T,W,266.3609658526977
743,19664,19656,15064,12868_-1,15064_-1,T,S,176.47883815924365
744,19664,15064,19664,15064_1,12868_-1,T,N,0.6834690566317232
745,19664,15064,19664,12868_-1,13777_-1,L,S,176.47883815924365
746,19664,15064,12909_-1_14779,12868_-1,12909_-1,R,S,176.47883815924365
747,19664,15064,15064,13777_-1,15064_-1,L,W,266.3609658526977
748,19664,15064,19664,13777_-1,12868_-1,R,W,266.3609658526977
749,19664,15064,15064,12909_1,15064_-1,R,E,92.78363200047316
750,19664,15064,19664,15064_1,13777_-1,R,N,0.6834690566317232
751,19664,15064,15064,12909_1,15064_-1,R,E,92.78363200047316
752,19665,19743,19665,18361_1,13811_-1,T,S,178.14628317905544
753,19665,19743,12791_-1_12809,18361_1,12791_-1,R,S,178.14628317905544
754,19665,19743,19665,18361_1,13794_-1,L,S,178.14628317905544
755,19665,19743,12791_-1_12809,18361_1,12791_-1,R,S,178.14628317905544
756,19665,19743,19665,12791_1,13794_-1,T,E,90.21377485634439
757,19665,19743,19743,12791_1,18361_-1,L,E,90.21377485634439
758,19665,19742,12791_-1_12809,13811_-1,12791_-1,L,N,0.03943957604568893
759,19665,19742,19665,13811_-1,13794_-1,R,N,0.03943957604568893
760,19665,19742,19665,13794_-1,13811_-1,L,W,267.5172601128359
761,19665,19742,19743,13794_-1,18361_-1,R,W,267.5172601128359
762,19665,19742,19743,13794_-1,18361_-1,R,W,267.5172601128359
763,19665,19742,19665,12791_1,13811_-1,R,E,90.21377485634439
764,19666,19742,14026_-1_13484,13594_-1,14026_-1,T,S,164.55513924859144
765,19666,19742,19666,14026_1,13478_-1,R,W,256.7352823208126
766,19666,19742,14026_-1_13484,13594_-1,14026_-1,R,S,164.55513924859144
767,19666,19669,14026_-1_13484,13478_-1,14026_-1,L,S,203.3130529967923
768,19666,19669,14026_-1_13484,13594_-1,14026_-1,R,S,164.55513924859144
769,19668,19669,13565_-1_13272,13339_-1,13565_-1,R,N,4.43525060321991
770,19668,19669,19668,13565_1,13339_-1,T,S,171.92767258575608
771,19668,19669,19668,13549_1,13339_-1,T,E,109.1007110422198
772,19668,19669,19659,13339_-1,13383_-1,R,N,4.43525060321991
773,19669,19669,19669,14507_-1,13464_-1,R,W,311.1906882783976
774,19669,19669,19666,14507_-1,13478_-1,L,W,311.1906882783976
775,19669,19669,19669,14507_-1,13464_-1,R,W,311.1906882783976
776,19669,19666,19669,13478_1,14507_-1,R,N,36.33508176033161
777,19670,19666,3_-1_16148,14553_1,16117_-1,L,E,78.36408283002882
778,19670,19666,19670,14553_1,15817_-1,T,E,78.36408283002882
779,19670,19666,267_-1_311,111_-1,14553_-1,L,N,353.71372138474305
780,19670,19666,3_-1_16148,111_-1,16117_-1,T,N,353.71372138474305
781,19670,19666,267_-1_311,15817_-1,14553_-1,T,W,280.23234231470235
782,19670,19666,19670,15817_-1,111_-1,L,W,280.23234231470235
783,19670,19666,19670,16117_1,15817_-1,L,S,192.39118848758022
784,19670,19666,19670,16117_1,111_-1,T,S,192.39118848758022
785,19670,19666,267_-1_311,111_-1,14553_-1,L,N,353.71372138474305
786,19670,19666,3_-1_16148,111_-1,16117_-1,T,N,353.71372138474305
787,19670,19666,19670,15817_-1,111_-1,L,W,280.23234231470235
788,19670,19666,19670,16117_1,15817_-1,L,S,192.39118848758022
789,19670,19666,19670,16117_1,111_-1,T,S,192.39118848758022
790,19670,19666,3_-1_16148,14553_1,16117_-1,L,E,78.36408283002882
791,19670,19666,3_-1_16148,14553_1,16117_-1,L,E,78.36408283002882
792,19670,19666,19670,14553_1,15817_-1,T,E,78.36408283002882
793,19670,19666,267_-1_311,111_-1,14553_-1,L,N,353.71372138474305
794,19670,19666,19670,16117_1,15817_-1,L,S,192.39118848758022
795,19670,19666,19670,16117_1,111_-1,T,S,192.39118848758022
796,19670,19666,3_-1_16148,14553_1,16117_-1,L,E,78.36408283002882
797,19670,19666,19670,16117_1,15817_-1,L,S,192.39118848758022
798,19670,19666,19670,16117_1,111_-1,T,S,192.39118848758022
799,19670,19666,3_-1_16148,14553_1,16117_-1,L,E,78.36408283002882
800,19670,19666,19670,16117_1,15817_-1,L,S,192.39118848758022
801,19670,19666,19670,16117_1,111_-1,T,S,192.39118848758022
802,19670,19666,3_-1_16148,14553_1,16117_-1,L,E,78.36408283002882
803,19670,19666,19670,16117_1,15817_-1,L,S,192.39118848758022
804,19670,19666,19670,16117_1,111_-1,T,S,192.39118848758022
805,19670,19666,3_-1_16148,14553_1,16117_-1,L,E,78.36408283002882
806,19670,19666,19670,16117_1,15817_-1,L,S,192.39118848758022
807,19670,19666,19670,16117_1,111_-1,T,S,192.39118848758022
808,19670,19666,3_-1_16148,14553_1,16117_-1,L,E,78.36408283002882
809,19671,19666,19656,14609_-1,13388_-1,T,W,311.53500816980676
810,19671,19656,19671,13388_1,14609_-1,R,S,220.1805660947396
811,19671,19671,19671,13394_1,14609_-1,T,E,98.76463402681135
812,19672,19671,14642_-1_15629,14665_-1,14642_-1,R,N,348.08574038199964
813,19672,19671,19672,14642_1,14665_-1,R,N,22.88051686284027
814,19672,19671,14642_-1_15629,14665_-1,14642_-1,T,N,348.08574038199964
815,19672,19671,19672,14642_1,14665_-1,T,N,22.88051686284027
816,19672,19671,14642_-1_15629,14665_-1,14642_-1,R,N,348.08574038199964
817,19673,15211,19673,14855_-1,14696_-1,R,W,227.46593955566505
818,19673,15211,19673,14714_1,14855_-1,R,N,41.41308216234842
819,19673,15211,14714_-1_16369,14696_-1,14714_-1,R,S,155.03036833824964
820,19673,15211,19673,14714_1,14696_-1,T,N,41.41308216234842
821,19673,15211,19673,14714_1,14855_-1,R,N,41.41308216234842
822,19674,15211,13121_-1_13149,13074_-1,13121_-1,T,W,301.8832362618291
823,19674,15211,19674,13121_1,13074_-1,T,E,61.6994241239299
824,19674,15211,13121_-1_13149,13074_-1,13121_-1,T,W,301.8832362618291
825,19674,15211,19674,13121_1,13074_-1,T,E,61.6994241239299
826,19674,15211,15197,13121_1,15197_-1,L,E,61.6994241239299
827,19674,15197,13121_-1_13149,13074_-1,13121_-1,R,W,301.8832362618291
828,19676,511,14983,14977_-1,14983_-1,T,S,205.91034857327844
829,19676,14983,19676,14983_1,14977_-1,L,N,354.9743138794212
830,19676,511,14990,14977_-1,14990_-1,R,S,205.91034857327844
831,19676,14990,14983,14990_1,14983_-1,R,E,68.97725366207514
832,19676,511,14990,14977_-1,14990_-1,R,S,205.91034857327844
833,19677,19744,12847_-1_15047,18510_-1,12847_-1,T,S,176.5081879306554
834,19677,19744,13745_-1_13762,18510_-1,13745_-1,R,S,176.5081879306554
835,19677,19744,19677,18510_-1,12756_-1,L,S,176.5081879306554
836,19677,19744,13745_-1_13762,18510_-1,13745_-1,R,S,176.5081879306554
837,19677,19744,19677,13745_1,12756_-1,T,E,87.53114086173173
838,19677,19744,12847_-1_15047,13745_1,12847_-1,R,E,87.53114086173173
839,19677,19744,19677,13745_1,18510_-1,L,E,87.53114086173173
840,19677,19744,12847_-1_15047,13745_1,12847_-1,R,E,87.53114086173173
841,19677,19744,19677,12847_1,18510_-1,T,N,358.22363653960747
842,19677,19744,13745_-1_13762,12847_1,13745_-1,L,N,358.22363653960747
843,19677,19744,19677,12847_1,12756_-1,R,N,358.22363653960747
844,19677,19744,12847_-1_15047,12756_-1,12847_-1,L,W,274.05415709926694
845,19677,19744,19677,12756_-1,18510_-1,R,W,274.05415709926694
846,19678,19744,12305_-1_12333,12190_1,12305_-1,R,S,160.283186989412
847,19678,19744,19679,12190_1,15220_-1,R,S,160.283186989412
848,19678,19744,12305_-1_12333,12190_1,12305_-1,R,S,160.283186989412
849,19678,19679,12305_-1_12333,15220_1,12305_-1,R,N,318.377792894922
850,19679,1080,19679,12466_-1,15220_-1,R,N,19.004037270226892
851,19679,19678,162_-1_12530,15220_-1,162_-1,R,S,160.92566455118106
852,19680,19678,15240,15220_-1,15240_-1,R,N,348.8335230565241
853,19680,15240,19679,15240_1,15220_-1,R,E,53.718933887334224
854,19681,19678,19681,15334_1,15714_-1,T,S,191.39337360432154
855,19681,19678,19681,15334_1,15658_-1,L,S,191.39337360432154
856,19681,19678,15334_-1_13171,15251_1,15334_-1,L,E,87.52028657359241
857,19681,19678,19681,15251_1,15658_-1,T,E,87.52028657359241
858,19681,19678,167_-1_18376,15714_-1,15251_-1,L,N,354.7512825679339
859,19681,19678,15334_-1_13171,15714_-1,15334_-1,T,N,354.7512825679339
860,19681,19678,19681,15658_-1,15714_-1,L,W,274.00888639541574
861,19681,19678,167_-1_18376,15658_-1,15251_-1,T,W,274.00888639541574
862,19681,19678,19681,15334_1,15714_-1,T,S,191.39337360432154
863,19681,19678,19681,15334_1,15658_-1,L,S,191.39337360432154
864,19681,19678,15334_-1_13171,15251_1,15334_-1,L,E,87.52028657359241
865,19681,19678,15334_-1_13171,15714_-1,15334_-1,T,N,354.7512825679339
866,19683,24444,14479_-1_13687,15483_1,14479_-1,R,E,61.57071355165895
867,19684,24444,19684,13040_1,14330_-1,T,S,162.06709654798388
868,19684,24444,19684,13040_1,12267_-1,L,S,162.06709654798388
869,19684,24444,13040_-1_15530,12985_1,13040_-1,L,E,93.9419479557123
870,19684,24444,19684,12985_1,12267_-1,T,E,93.9419479557123
871,19684,24444,12985_-1_13018,14330_-1,12985_-1,L,N,25.32132882169685
872,19684,24444,13040_-1_15530,14330_-1,13040_-1,T,N,25.32132882169685
873,19684,24444,19684,14330_-1,12267_-1,R,N,25.32132882169685
874,19684,24444,19684,12267_-1,14330_-1,L,W,267.9747238170022
875,19684,24444,12985_-1_13018,12267_-1,12985_-1,T,W,267.9747238170022
876,19684,24444,13040_-1_15530,12267_-1,13040_-1,R,W,267.9747238170022
877,19685,24444,167_-1_18376,15334_1,167_-1,R,W,308.04581988382535
878,19686,24444,15334_-1_13171,15629_-1,15334_-1,R,N,359.46890135872104
879,19687,24444,15629_-1_15658,15692_-1,15629_-1,R,E,89.39657160558926
880,19688,24444,15692_-1_15714,167_1,15692_-1,R,S,179.58271254745412
881,19689,24444,15803_-1_15817,15752_-1,15803_-1,R,E,90.45973952482798
882,19690,24444,15752_-1_15776,311_1,15752_-1,R,S,178.95191155258098
883,19691,24444,14479_-1_13687,12677_-1,14479_-1,R,N,359.0625628387927
884,19692,24444,12554_-1_116,14280_-1,12554_-1,R,E,89.2839795534538
885,19693,24444,14376_-1_14411,12554_-1,14376_-1,R,N,359.66557908078977
886,19694,24444,19717,14376_1,583_-1,R,W,278.12391076393027
887,19695,24444,14280_-1_14233,499_1,14280_-1,R,S,179.22551771215
888,19696,24444,14306_-1_14330,12985_1,14306_-1,R,S,211.28462922716827
889,19697,24444,12985_-1_13018,13040_1,12985_-1,R,W,268.29533836233446
890,19699,511,12677_-1_4,16039_-1,12677_-1,R,E,87.89970220859591
891,19700,511,16148_-1_13227,15803_-1,16148_-1,R,N,359.12266388148817
892,19702,19703,16250,16210_-1,16250_-1,R,N,26.53817731074266
893,19703,16218,35,16218_-1,35_-1,R,N,358.5481900776994
894,19703,16218,16210,16218_-1,16210_-1,T,N,358.5481900776994
895,19703,16218,16309_-1_16320,16218_-1,16309_-1,L,N,358.5481900776994
896,19704,16309,16341,16309_-1,16341_-1,R,N,357.97725405788583
897,19704,19716,16341,16204_-1,16341_-1,R,S,176.57936827728807
898,19706,16448,16421_-1_13363,16448_-1,16421_-1,T,S,217.04107346426557
899,19706,16448,16432_-1_13394,16448_-1,16432_-1,T,S,217.04107346426557
900,19706,16448,19744,16448_-1,18489_-1,R,S,217.04107346426557
901,19707,23421,16448,16441_1,16448_-1,R,N,328.58299466762844
902,19707,19708,16448,16502_-1,16448_-1,R,N,36.07728225190901
903,19707,19708,23421,16502_-1,16441_-1,R,N,36.07728225190901
904,19707,19708,16448,16406_-1,16448_-1,R,W,260.45887051541735
905,19708,19708,16502,16490_1,16502_-1,R,E,112.75780182278574
906,19711,19708,16637_-1_11762,16535_-1,16637_-1,R,S,165.58894916732922
907,19711,898,19711,16613_-1,16535_-1,R,W,277.4594253009268
908,19711,898,19711,16583_1,16613_-1,R,N,14.373673958706837
909,19711,898,16583_-1_14696,16637_1,16583_-1,R,E,82.97290638442844
910,19711,898,19711,16583_1,16535_-1,T,N,14.373673958706837
911,19711,898,19711,16535_-1,16613_-1,L,S,165.58894916732922
912,19711,898,16583_-1_14696,16535_-1,16583_-1,T,S,165.58894916732922
913,19711,898,16583_-1_14696,16613_-1,16583_-1,L,W,277.4594253009268
914,19711,898,16637_-1_11762,16613_-1,16637_-1,T,W,277.4594253009268
915,19711,898,19711,16637_1,16613_-1,T,E,82.97290638442844
916,19714,19715,19716,16815_1,16800_-1,T,E,93.03360293268958
917,19714,19716,19715,16800_1,16815_-1,T,W,251.69047505639173
918,19714,19715,16828,16815_1,16828_-1,R,E,93.03360293268958
919,19714,16828,19716,16828_1,16800_-1,R,N,0.4821212555279856
920,19715,19714,16746,16815_-1,16746_-1,R,W,239.65157325684726
921,19715,19714,19715,16815_-1,16733_-1,T,W,239.65157325684726
922,19715,16733,19715,16733_-1,16815_-1,L,E,71.25566291008195
923,19716,19714,19716,16800_-1,17956_-1,L,E,93.90981704818887
924,19716,19714,19716,16800_-1,16897_-1,R,E,93.90981704818887
925,19716,19714,16204,16800_-1,16204_-1,R,E,93.90981704818887
926,19716,16250,19716,16250_1,16897_-1,R,N,349.52162762000245
927,19716,19719,19716,16897_-1,17956_-1,R,W,285.05693593611556
928,19716,19719,19716,16897_-1,16800_-1,R,W,285.05693593611556
929,19716,19719,16250,16897_-1,16250_-1,L,W,285.05693593611556
930,19716,19719,19716,17956_-1,16897_-1,L,S,186.3809918649623
931,19716,19719,16250,17956_-1,16250_-1,T,S,186.3809918649623
932,19716,19719,16204,17956_-1,16204_-1,R,S,186.3809918649623
933,19716,16250,19716,16250_1,17956_-1,T,N,349.52162762000245
934,19716,16250,19716,16250_1,16800_-1,L,N,349.52162762000245
935,19717,16250,19717,583_-1,16961_-1,T,W,266.56673108922536
936,19717,24444,19717,16993_1,583_-1,R,N,20.47781248441246
937,19717,19751,19717,18769_-1,16961_-1,R,S,211.48752985034702
938,19717,19751,19717,583_-1,16961_-1,R,W,266.56673108922536
939,19717,19718,19717,16961_-1,583_-1,T,E,82.671711602761
940,19718,19719,19717,17038_1,16961_-1,T,E,75.37086343694884
941,19718,19717,19719,16961_1,17038_-1,T,W,283.1396480659047
942,19718,23371,19719,18927_-1,17038_-1,R,S,172.45178067777172
943,19718,19717,19718,16961_1,18927_-1,R,W,283.1396480659047
944,19718,19762,19717,19155_-1,16961_-1,R,N,350.08133432835535
945,19718,19719,19762,17038_1,19162_-1,R,E,75.37086343694884
946,19719,19718,19716,17038_-1,16897_-1,T,W,278.3872701766486
947,19719,17082,19716,17082_-1,16897_-1,R,S,148.9206708824674
948,19719,19718,19719,17038_-1,17082_-1,R,W,278.3872701766486
949,19719,19716,19719,16897_1,17038_-1,T,E,74.28600061852197
950,19720,19716,19721,17320_-1,17245_-1,R,N,0.2038386117567179
951,19721,19720,17451_-1_17469,17245_-1,17451_-1,T,E,79.54893166273499
952,19722,19720,22421,17451_1,17491_-1,R,W,256.17163382475735
953,19724,17602,17584_-1_17513,17602_-1,17584_-1,T,N,0.7944097875613771
954,19726,19727,17526_-1_17540,17239_-1,17526_-1,R,E,60.246566038343474
955,19727,19727,19726,17692_1,17239_-1,R,W,261.9316467294772
956,19728,594,17715_-1_17886,17234_-1,17692_-1,T,W,235.4577973474281
957,19729,19731,17738_-1_17755,17771_-1,17738_-1,T,S,177.72092495880906
958,19730,19731,17776,17738_1,17776_-1,R,W,269.4626098198384
959,19731,19731,19729,17665_-1,17771_-1,R,N,359.42522442901884
960,19733,19731,17886_-1_17912,17228_-1,17886_-1,L,E,88.93650171208381
961,19734,19731,17941_-1_17956,18024_1,17941_-1,T,S,160.6189066378618
962,19734,19731,19734,18024_1,18059_-1,L,S,160.6189066378618
963,19734,19731,18044_-1_17997,17941_1,18024_-1,T,N,17.435997445710736
964,19734,19731,19734,17941_1,18059_-1,R,N,17.435997445710736
965,19734,19731,17941_-1_17956,18059_-1,17941_-1,L,W,281.10009345701667
966,19736,24366,18126_-1_15692,24278_-1,18126_-1,R,W,274.6709186010769
967,19736,24366,19738,24278_-1,18223_-1,T,W,274.6709186010769
968,19736,24366,19736,24278_-1,729_-1,L,W,274.6709186010769
969,19736,19738,18126_-1_15692,18223_1,18126_-1,L,E,84.04901744187433
970,19736,19738,19736,18223_1,24278_-1,T,E,84.04901744187433
971,19736,19738,19736,18223_1,729_-1,R,E,84.04901744187433
972,19736,19738,19738,729_-1,18223_-1,L,N,359.61100539104893
973,19736,19738,18126_-1_15692,729_-1,18126_-1,T,N,359.61100539104893
974,19736,19738,19736,729_-1,24278_-1,R,N,359.61100539104893
975,19736,19738,19736,18126_1,729_-1,T,S,179.17348128499498
976,19736,19738,19738,18126_1,18223_-1,R,S,179.17348128499498
977,19738,23414,19738,18249_-1,18223_-1,R,N,359.60753370493154
978,19738,19736,19742,18223_-1,18256_-1,R,W,264.9632470072535
979,19738,19742,18236_-1_13777,18256_1,18236_-1,R,S,178.87849856586098
980,19738,19742,19738,18236_1,18249_-1,R,E,93.1089666265121
981,19738,19742,19738,18256_1,18249_-1,T,S,178.87849856586098
982,19738,23414,19742,18249_-1,18256_-1,T,N,359.60753370493154
983,19738,23414,19742,18236_1,18256_-1,L,E,93.1089666265121
984,19738,19742,19738,18256_1,18223_-1,L,S,178.87849856586098
985,19740,19742,15064,10004_-1,15064_-1,R,E,81.12341939745934
986,19741,604,19743,18326_-1,18333_-1,R,W,263.7566622786219
987,19742,19738,19742,18256_-1,18376_-1,R,N,356.1495125320959
988,19742,19738,19742,18407_1,18376_-1,T,E,111.77558192464589
989,19742,19738,19742,18407_1,18256_-1,R,E,111.77558192464589
990,19742,19738,19665,18376_-1,13811_-1,R,W,248.23862792072842
991,19742,19665,18407_-1_15294,13811_1,18407_-1,R,S,183.78350501544568
992,19742,19665,18407_-1_15294,18376_-1,18407_-1,T,W,248.23862792072842
993,19743,19744,19743,18478_1,18361_-1,R,E,86.3812188248492
994,19743,19665,19743,18361_-1,18333_-1,R,N,351.8411833240919
995,19743,19741,18349,18333_-1,18349_-1,R,W,272.4956863871237
996,19743,18349,19744,18349_1,18478_-1,R,S,184.94644548124384
997,19743,19741,19744,18333_-1,18478_-1,T,W,272.4956863871237
998,19743,19744,19743,18478_1,18333_-1,T,E,86.3812188248492
999,19743,18349,19743,18349_1,18361_-1,T,S,184.94644548124384
1000,19743,19665,18349,18361_-1,18349_-1,T,N,351.8411833240919
1001,19743,18349,19743,18349_1,18333_-1,L,S,184.94644548124384
1002,19743,19741,19743,18333_-1,18361_-1,L,W,272.4956863871237
1003,19743,19665,19744,18361_-1,18478_-1,L,N,351.8411833240919
1004,19744,18489,19744,18489_-1,18478_-1,L,S,160.44191260658528
1005,19744,19743,19677,18478_-1,18510_-1,L,W,277.13489796852014
1006,19744,18489,19677,18489_-1,18510_-1,T,S,160.44191260658528
1007,19744,19677,19744,18510_1,18478_-1,R,N,10.125122949701733
1008,19744,18489,19677,18489_-1,18510_-1,R,S,160.44191260658528
1009,19748,1001,18657,18667_-1,18657_-1,T,N,336.3463919407759
1010,19748,591,18657,18637_1,18657_-1,L,E,116.22189613320526
1011,19748,1001,591,18667_-1,18637_-1,L,N,336.3463919407759
1012,19748,18657,591,18657_1,18637_-1,R,S,187.12591342359516
1013,19748,1001,18657,18667_-1,18657_-1,R,N,336.3463919407759
1014,19750,1001,18719,17273_1,18719_-1,R,S,199.00383102458997
1015,19751,19758,19717,18785_1,18769_-1,T,E,129.83602496170948
1016,19751,19717,19751,18769_1,18777_-1,R,N,20.774958378127106
1017,19751,18777,19758,18777_-1,18785_-1,R,W,259.3998846267335
1018,19751,19758,19751,18785_1,18777_-1,L,E,129.83602496170948
1019,19751,18777,19717,18777_-1,18769_-1,L,W,259.3998846267335
1020,19751,19717,19758,18769_1,18785_-1,L,N,20.774958378127106
1021,19751,19758,19717,18785_1,18769_-1,R,E,129.83602496170948
1022,19751,19717,19751,18769_1,18777_-1,R,N,20.774958378127106
1023,19751,18777,19758,18777_-1,18785_-1,R,W,259.3998846267335
1024,19754,18856,19759,18856_-1,18938_-1,T,W,267.3874810458422
1025,19754,19759,19754,18938_1,18856_-1,T,E,88.81502926332075
1026,19754,18758,19759,18758_1,18938_-1,R,S,196.11633540171343
1027,19754,18856,18758,18856_-1,18758_-1,R,W,267.3874810458422
1028,19755,19759,19759,17692_1,18982_-1,R,W,246.17195759381326
1029,19757,19759,18741,18953_-1,18741_-1,L,W,263.02770205498064
1030,19757,595,18741,18732_-1,18741_-1,R,E,100.79360103855659
1031,19758,19751,19758,18785_-1,13018_-1,R,N,2.829694824514496
1032,19758,23371,19758,18900_1,18785_-1,R,E,81.05125977785211
1033,19758,23371,19758,18900_1,13018_-1,T,E,81.05125977785211
1034,19759,19757,23371,18953_1,18968_-1,R,E,89.77378276458093
1035,19759,23371,19759,18968_1,18938_-1,R,N,6.711972059706125
1036,19759,19754,19759,18938_-1,18982_-1,R,W,267.90287745531816
1037,19759,18982,19757,18982_-1,18953_-1,R,S,170.7268076177904
1038,19759,19754,19757,18938_-1,18953_-1,T,W,267.90287745531816
1039,19759,18982,23371,18982_-1,18968_-1,T,S,170.7268076177904
1040,19759,23371,19759,18968_1,18982_-1,T,N,6.711972059706125
1041,19762,23330,19762,19197_1,13898_-1,R,N,346.67464095117873
1042,19762,23330,19718,13898_-1,19155_-1,R,W,263.44242397416116
1043,19762,19131,23330,19131_-1,19197_-1,R,E,88.09290197014795
1044,19762,19131,19762,19131_-1,13898_-1,T,E,88.09290197014795
1045,19762,19131,19762,13898_-1,19131_-1,T,W,263.44242397416116
1046,19762,19718,23330,19162_-1,19197_-1,L,S,164.6866895120199
1047,19762,23330,19718,19197_1,19155_-1,T,N,346.67464095117873
1048,19762,19718,19762,19162_-1,13898_-1,L,S,164.6866895120199
1049,19762,23330,19762,19197_1,19131_-1,L,N,346.67464095117873
1050,19762,19131,19718,19131_-1,19155_-1,L,E,88.09290197014795
1051,19762,19131,23330,13898_-1,19197_-1,L,W,263.44242397416116
1052,22253,9848,9850,865_1,974_-1,R,W,252.47544993667813
1053,22253,9850,9848,974_1,865_-1,R,W,308.9802861877358
1054,22260,9855,9848,1037_-1,865_-1,R,S,140.53938795352306
1055,22260,865,22260,865_-1,1037_-1,R,E,81.23207369394723
1056,22267,9848,9849,865_1,997_-1,T,W,262.56285462675874
1057,22267,9849,9848,997_1,865_-1,R,W,311.680325913461
1058,22268,9856,9848,1025_-1,865_-1,R,E,132.3206784465352
1059,22268,865,22268,865_-1,1025_-1,R,E,63.415500904777375
1060,22281,9856,711_-1_762,1017_-1,711_-1,R,N,328.6651657634421
1061,22282,9856,9855,711_1,1050_-1,R,S,148.47311877849052
1062,22291,9709,77_-1_307,652_-1,2_-1,R,N,2.9370355862486126
1063,22300,9712,39_-1_2,669_1,385_-1,L,S,217.29166835488462
1064,22300,9712,9712,385_1,669_-1,R,S,144.80745730102367
1065,22312,9712,559_-1_431,7835_1,559_-1,R,S,179.19218193933528
1066,22325,9712,348_-1_322,9879_-1,348_-1,R,E,47.73640965945738
1067,22355,9712,19637,11372_1,11401_-1,R,S,179.16015842192425
1068,22359,11426,11490_-1_11220,11426_-1,11490_-1,R,E,68.34011057305608
1069,22368,11426,11421,11171_-1,11421_-1,R,N,20.644827259761076
1070,22372,19628,11171_-1_11122,11416_-1,11171_-1,R,W,246.54207425639163
1071,22376,9712,85_-1_186,678_-1,85_-1,R,N,32.971325010357056
1072,22381,9712,9709,85_1,646_-1,T,W,258.8214179276664
1073,22386,85,9712,85_-1,684_-1,R,E,78.04696118129738
1074,22391,9709,85_-1_186,640_-1,85_-1,R,S,221.57596597084932
1075,22397,9703,584_-1_1,326_-1,584_-1,R,S,221.18779081206452
1076,22402,9703,9706,560_-1,531_-1,R,N,358.98638608375626
1077,22407,9706,1_-1_209,537_-1,1_-1,R,N,317.4976935792972
1078,22411,9706,9703,209_1,333_-1,R,S,179.11031397858477
1079,22415,9706,19621,10636_-1,10772_-1,R,N,350.83917820057826
1080,22421,19722,17413_-1_17146,17491_-1,17413_-1,R,E,59.79899413033994
1081,594,19722,19728,17499_-1,17234_-1,R,E,90.43860343423167
1082,595,19722,19757,18011_-1,18732_-1,R,S,147.55612121937935
1083,23302,9804,6987_-1_7030,7220_-1,6987_-1,R,E,62.512926300594565
1084,23306,19748,17193_-1_17320,18657_-1,17193_-1,R,S,178.72815175533646
1085,23312,7335,7133_-1_7153,7335_-1,7133_-1,T,N,358.60627711644577
1086,23330,19762,16218,19197_-1,16218_-1,R,S,148.12074140177057
1087,23330,16218,23330,16218_-1,19197_-1,R,N,39.826695533228225
1088,23364,16218,19751,104_1,18777_-1,R,W,255.994337366515
1089,23364,19751,104_-1_12069,18777_1,53_-1,L,E,47.15618346367165
1090,23371,19759,19718,18968_-1,18927_-1,T,S,178.84314353956543
1091,23371,19759,18915_-1_18059,18968_-1,18915_-1,R,S,178.84314353956543
1092,23371,19759,23371,18968_-1,18900_-1,L,S,178.84314353956543
1093,23371,19759,23371,18915_1,18968_-1,L,E,86.1913853574385
1094,23371,19759,19718,18915_1,18927_-1,R,E,86.1913853574385
1095,23371,19718,23371,18927_1,18968_-1,T,N,359.1217802245095
1096,23371,19718,18915_-1_18059,18927_1,18915_-1,L,N,359.1217802245095
1097,23371,19718,23371,18927_1,18900_-1,R,N,359.1217802245095
1098,23371,19758,18915_-1_18059,18900_-1,18915_-1,T,W,272.21754128469263
1099,23371,19758,19718,18900_-1,18927_-1,L,W,272.21754128469263
1100,23371,19758,23371,18900_-1,18968_-1,R,W,272.21754128469263
1101,23414,19738,10004_-1_9947,18249_1,10004_-1,R,S,141.16587971174988
1102,23414,19738,19738,120_-1,18249_-1,R,N,30.08973800428931
1103,23421,16441,13762,16441_-1,13762_-1,R,S,178.31483847477116
1104,23421,13762,23421,13762_1,16441_-1,L,W,275.39065193563783
1105,23434,23371,18044_-1_17997,18915_-1,18044_-1,R,N,359.41085616781095
1106,23438,19715,11107_-1_11074,16746_-1,11107_-1,R,E,58.48079764898044
1107,23452,19632,11041_-1_11058,11597_-1,11041_-1,R,N,347.82871876137904
1108,23456,19632,16760,11074_-1,16760_-1,R,N,349.6386398008242
1109,23463,19619,19622,10832_1,10490_-1,R,N,12.129587599871162
1110,591,15514,18646,15514_-1,18646_-1,T,N,37.9929500017588
1111,591,15514,591,15514_-1,18637_-1,R,N,37.9929500017588
1112,591,19748,18646,18637_-1,18646_-1,R,W,226.05542270826143
1113,617,9258,8767_-1_4641,9258_1,8767_-1,R,N,325.6189655647495
1114,627,9811,7676_-1_7683,8682_-1,7676_-1,R,W,251.53922323801038
1115,627,9736,627,1945_-1,8682_-1,R,E,90.35276676413572
1116,649,9841,9848,9182_-1,7574_-1,R,W,235.41015789635352
1117,650,9848,9842,7599_-1,9344_-1,R,E,82.77211628678832
1118,600,9848,120_-1_10004,322_1,120_-1,R,W,268.8465882866346
1119,632,19615,10811_-1_10832,10532_-1,10811_-1,R,W,231.7096131938999
1120,593,19615,9748,4641_-1,4632_-1,R,W,257.56011903351214
1121,593,9731,593,4623_-1,4641_-1,R,N,41.20860635734486
1122,604,16432,18349,16432_-1,18349_-1,R,S,222.8363316088673
1123,604,19743,19741,18349_-1,18326_-1,R,N,327.2844536675198
1124,604,19743,19671,18349_-1,13394_-1,R,N,327.2844536675198
1125,611,19680,104_-1_12069,15240_-1,104_-1,R,W,232.95765585534042
1126,611,19680,15240,12025_-1,15240_-1,R,E,67.2345873099931
1127,635,19680,2376_-1_2404,615_-1,2376_-1,R,E,125.19153873997321
1128,635,19680,615,2376_-1,615_-1,T,E,81.31149545325414
1129,666,19680,659_-1_8172,7835_1,659_-1,T,W,265.0736109542005
1130,666,19680,7835_-1_7806,659_1,7835_-1,R,N,317.2840918800269
1131,620,19680,7835_-1_7806,674_-1,7835_-1,R,E,128.9798597231111
1132,620,19680,674,7835_-1,674_-1,R,E,67.22555201485457
1133,714,742,23579,653_-1,706_-1,T,N,333.434948822922
1134,714,742,657_-1_662,653_-1,657_-1,L,N,333.434948822922
1135,742,9841,742,9177_-1,727_-1,R,S,148.01944997462013
1136,742,9841,714,9177_-1,653_-1,T,S,148.01944997462013
1137,766,9841,760,752_-1,760_-1,T,S,179.26400657606504
1138,773,766,649,760_-1,9182_-1,T,W,266.7964812641571
1139,960,766,955,834_1,955_-1,R,S,151.54193947075515
1140,960,955,7653_-1_3398,955_1,7653_-1,R,W,307.6339309996643
1141,968,955,9726,955_-1,3380_-1,R,S,142.07687150173177
1142,968,955,8057_-1_3380,955_-1,8057_-1,L,S,142.07687150173177
1143,968,955,955,8057_-1,955_-1,R,E,57.58868745107865
1144,23498,955,834_-1_780,23493_-1,834_-1,R,S,139.71980618454717
1145,23498,955,23493,7653_-1,23493_-1,R,N,359.5015848594911
1146,23510,955,23505,3107_-1,23505_-1,R,W,252.0135442427117
1147,23510,955,9751,23505_-1,3107_-1,R,N,325.04563183088453
1148,23539,23531,8732_-1_8738,23531_-1,8732_-1,R,W,229.67602301541217
1149,23539,23531,23554,23531_-1,23520_-1,T,W,229.67602301541217
1150,23554,23618,23535,23549_-1,23535_-1,R,W,261.68551590539624
1151,23554,23539,23535,23520_-1,23535_-1,L,E,95.84905205173446
1152,23554,23539,23554,23520_-1,23549_-1,T,E,95.84905205173446
1153,23554,23539,23535,23520_-1,23535_-1,L,E,95.84905205173446
1154,23579,723,23580,685_-1,23580_-1,L,W,237.68653981526907
1155,23579,714,23580,706_-1,23580_-1,R,E,57.68653981526347
1156,716,650,738,9344_-1,642_-1,T,E,119.51113083761055
1157,723,23576,23579,23576_-1,685_-1,L,W,267.37836940170996
1158,723,23576,723,23576_-1,664_-1,R,W,267.37836940170996
1159,723,23618,23579,675_-1,685_-1,L,E,87.37836940170541
1160,738,723,9842,664_1,9274_-1,T,W,263.76704294257274
1161,738,723,23596,664_1,23596_-1,R,W,263.76704294257274
1162,23603,738,23554,23596_-1,23520_-1,R,S,179.99690017486088
1163,23608,23576,23618,23576_-1,679_-1,R,N,0.8764407817944693
1164,23608,23618,723,679_1,23576_-1,R,E,73.59688481773706
1165,23618,679,23554,679_-1,23549_-1,T,W,305.42292779483824
1166,23618,23554,23618,23549_1,679_-1,T,E,52.93527874970632
1167,23618,23567,23554,23567_-1,23549_-1,R,S,220.25612412449462
1168,23618,23567,23618,23567_-1,679_-1,L,S,220.25612412449462
1169,23618,23567,723,23567_-1,675_-1,T,S,220.25612412449462
1170,23618,23554,723,23549_1,675_-1,R,E,52.93527874970632
1171,23640,23567,23571,23567_-1,23571_-1,R,N,351.4475609657026
1172,23640,23571,23618,23571_1,23567_-1,R,E,51.657524284500504
1173,23647,23554,23571,23535_-1,23571_-1,R,S,171.16475550636738
1174,23647,23571,23535,23571_-1,23535_-1,R,W,242.42833873168627
1175,23654,23571,23618,8280_1,23567_-1,R,W,268.9656451249984
1176,23655,23554,8280_-1_8287,23535_-1,8280_-1,R,S,178.41330717991227
1177,23656,23554,23539,8280_1,23531_-1,T,W,268.96564477291713
1178,23691,23554,23674_-1_1980,2058_1,23674_-1,R,S,147.21301215677357
1179,23691,23554,9809,23674_1,7417_-1,R,W,305.3503487004538
1180,23719,23720,7202_-1_7133,23705_-1,7202_-1,R,W,225.2347834403834
1181,23719,23720,23705,7170_-1,23705_-1,R,E,75.05379169824778
1182,23720,23714,23705,23714_-1,23705_-1,R,S,186.77750335991058
1183,23720,23705,23777,23705_1,23683_-1,R,E,82.43115482421118
1184,23747,23777,23720,7052_1,23714_-1,R,S,220.2756164885302
1185,23747,23720,7052_-1_6987,23714_1,7052_-1,R,N,315.4920064530234
1186,23777,23720,23768,23683_-1,23768_-1,T,S,197.85876169075354
1187,23777,23768,23777,23768_1,23683_-1,T,N,345.99264192982224
1188,23777,23720,23754,23683_-1,23754_-1,R,S,197.85876169075354
1189,23777,23754,23768,23754_1,23768_-1,R,E,69.45435120643391
1190,23778,23777,2135_-1_7382,23754_-1,2135_-1,R,W,229.92581746223098
1191,23778,23777,23754,2135_-1,23754_-1,R,S,151.09017147872433
1192,23796,23777,23797,8273_-1,629_-1,R,W,255.21165279205655
1193,23796,23797,9838,629_1,8722_-1,R,E,60.64368960456877
1194,23797,9837,655,9083_-1,655_-1,T,E,57.47401029832001
1195,23797,9837,23797,9083_-1,629_-1,R,E,57.47401029832001
1196,23797,629,655,629_-1,655_-1,R,W,237.47401029832088
1197,24307,23813,23831,23813_-1,23831_-1,T,S,173.61939203701522
1198,24307,23831,24307,23831_1,23813_-1,T,N,3.920737159582516
1199,24307,23813,24366,23813_-1,24220_-1,R,S,173.61939203701522
1200,24307,23813,24307,23813_-1,18105_-1,L,S,173.61939203701522
1201,24307,24366,23831,24220_1,23831_-1,R,E,88.81349030904765
1202,24307,24366,24307,24220_1,23813_-1,L,E,88.81349030904765
1203,24307,24366,24366,18105_-1,24220_-1,T,W,269.2993210390249
1204,24307,24366,23831,18105_-1,23831_-1,L,W,269.2993210390249
1205,24307,24366,24307,18105_-1,23813_-1,R,W,269.2993210390249
1206,24307,23831,24307,23831_1,18105_-1,R,N,3.920737159582516
1207,24307,23831,24366,23831_1,24220_-1,L,N,3.920737159582516
1208,24348,9765,24307,2724_1,23813_-1,R,W,243.92588900135908
1209,24348,24307,9765,23813_1,2724_-1,R,N,328.4134554426123
1210,24357,24307,24366,13149_1,23848_-1,R,S,195.46467552817
1211,24357,24366,13121_-1_13149,23848_1,13121_-1,R,N,327.96652441137223
1212,24366,23848,23908,23848_-1,23908_-1,T,S,180.29909921527982
1213,24366,23848,19736,23848_-1,24278_-1,R,S,180.29909921527982
1214,24366,23848,24366,23848_-1,24220_-1,L,S,180.29909921527982
1215,24366,19736,23908,24278_1,23908_-1,R,E,89.4355415405041
1216,24366,19736,24366,24278_1,23848_-1,L,E,89.4355415405041
1217,24366,23908,19736,23908_1,24278_-1,L,N,356.23366107049793
1218,24366,23908,24366,23908_1,24220_-1,R,N,356.23366107049793
1219,24366,24307,19736,24220_-1,24278_-1,T,W,268.12233328476805
1220,24366,24307,23908,24220_-1,23908_-1,L,W,268.12233328476805
1221,24366,24307,24366,24220_-1,23848_-1,R,W,268.12233328476805
1222,24415,24307,9861_-1_9879,23831_-1,9861_-1,R,S,142.99762124725464
1223,24415,24307,23831,9861_-1,23831_-1,T,E,85.40139933102007
1224,24431,24366,9861_-1_9879,23908_-1,9861_-1,R,S,141.89466632907343
1225,24431,24366,23908,9861_-1,23908_-1,R,E,75.4976286964776
1226,24444,19717,24444,16993_-1,15483_-1,L,E,90.0
1227,813,19717,820,18011_1,634_-1,R,N,338.0665425250787
1228,813,820,18011_-1_17499,634_1,18011_-1,R,E,65.50232677127725
1229,820,820,24467,697_1,704_-1,R,S,177.4905228433933
1230,820,820,660_-1_689,697_1,660_-1,T,S,177.4905228433933
1231,820,820,820,697_1,634_-1,L,S,177.4905228433933
1232,820,24467,590_-1_24829,704_1,697_-1,L,E,89.30301671225153
1233,820,24467,660_-1_689,704_1,660_-1,R,E,89.30301671225153
1234,820,24467,590_-1_24829,660_1,697_-1,T,N,356.34070111219927
1235,820,24467,24467,660_1,704_-1,L,N,356.34070111219927
1236,820,24467,820,660_1,634_-1,R,N,356.34070111219927
1237,820,634,24467,634_-1,704_-1,T,W,271.05054976641776
1238,820,634,660_-1_689,634_-1,660_-1,L,W,271.05054976641776
1239,820,634,590_-1_24829,634_-1,697_-1,R,W,271.05054976641776
1240,24467,634,24467,24829_-1,704_-1,L,S,138.10343933230718
1241,24467,820,24467,704_-1,24829_-1,R,N,318.10343932038404
1242,24474,19734,24481,17941_-1,24448_-1,R,W,303.75530759650735
1243,24474,24481,17941_-1_17956,24448_1,17941_-1,R,E,56.52891554378764
1244,24481,24481,19714,673_-1,682_-1,T,S,181.95319928334294
1245,24481,24481,804,673_-1,804_-1,R,S,181.95319928334294
1246,24481,24481,24481,673_-1,24448_-1,L,S,181.95319928334294
1247,24481,804,19714,804_1,682_-1,R,E,81.9503340432549
1248,24481,804,24481,804_1,673_-1,L,E,81.9503340432549
1249,24481,19714,24481,682_1,24448_-1,R,N,353.4417316631186
1250,24481,19714,804,682_1,804_-1,L,N,353.4417316631186
1251,24481,24448,19714,24448_-1,682_-1,L,W,257.5503367282821
1252,24481,24448,24481,24448_-1,673_-1,R,W,257.5503367282821
1253,24518,24448,804,11028_1,804_-1,R,E,128.1591060594033
1254,24518,24481,11058_-1_11028,804_-1,11058_-1,R,W,236.3846075479252
1255,24541,24548,791,757_-1,791_-1,R,W,241.01844475036222
1256,24541,791,757,791_-1,757_-1,T,S,205.5745387636365
1257,24548,757,24548,757_1,751_-1,R,E,105.09893210906232
1258,24548,757,24548,757_1,764_-1,T,E,105.09893210906232
1259,24548,24597,757,751_-1,757_-1,L,N,357.9406733390309
1260,24548,24593,24548,764_-1,751_-1,L,W,252.16915366048656
1261,24567,791,781,791_-1,781_-1,T,S,211.9943037441706
1262,24567,24574,791,781_-1,791_-1,R,W,261.58863704671535
1263,24574,786,781,786_-1,781_-1,R,S,165.1327706219241
1264,24574,786,24574,786_-1,772_-1,L,S,165.1327706219241
1265,24574,781,24574,781_1,786_-1,L,E,73.29731858772877
1266,24574,24593,781,772_-1,781_-1,L,W,312.75708679024285
1267,24593,24574,24548,772_1,764_-1,R,W,233.06831888553572
1268,24593,24548,24574,764_1,772_-1,L,E,53.068318885534886
1269,24594,24548,24595,16524_-1,710_-1,R,N,350.55019498340715
1270,24594,24595,16524_-1_16535,710_1,16524_-1,R,E,57.632258998103566
1271,24595,728,24595,728_1,710_-1,R,E,50.0761703304465
1272,24595,710,728,710_-1,728_-1,L,W,230.07617033044525
1273,24596,24595,24597,728_-1,734_-1,R,N,351.2492591365654
1274,24596,24597,728,734_1,728_-1,R,E,60.71268724388048
1275,24597,24548,24597,751_1,744_-1,T,S,151.05263904348942
1276,24597,24548,24597,751_1,734_-1,L,S,151.05263904348942
1277,24597,744,24548,744_-1,751_-1,T,N,27.642537540178264
1278,24597,744,24597,744_-1,734_-1,R,N,27.642537540178264
1279,24597,734,24597,734_-1,744_-1,L,W,272.46822775531984
1280,24597,734,24548,734_-1,751_-1,R,W,272.46822775531984
1281,24598,24597,16637_-1_11762,744_1,16637_-1,R,E,133.24523127344295
1282,24598,19711,24597,16637_-1,744_-1,T,E,81.97110546945926
1283,24599,24595,16637_-1_11762,728_-1,16637_-1,R,S,142.9824380931587
1284,24599,19711,728,16637_-1,728_-1,T,E,85.67779947259845
1285,24654,19711,24574,16381_-1,786_-1,R,W,252.8706595833698
1286,24654,24574,16381_-1_16395,786_1,16381_-1,R,N,317.12048256953483
1287,24766,24713,24766,24713_1,24718_-1,R,E,130.987024860312
1288,24766,24718,24713,24718_-1,24713_-1,L,W,310.98702486031107
1289,24773,24766,8236_-1_8243,24713_-1,8236_-1,R,W,236.02361794792984
1290,24773,24766,24713,8236_1,24713_-1,R,S,170.32029463308444
1291,24774,24766,8280_-1_8287,24718_1,8280_-1,R,E,133.88110705096426
1292,24774,9831,24766,8280_-1,24718_-1,T,E,86.21219079305956
1293,24787,23797,8354_-1_8361,655_-1,8354_-1,R,S,178.93955324524015
1294,24800,19757,18915_-1_18059,18741_-1,18915_-1,R,S,139.63623125562174
1295,24800,23371,18741,18915_-1,18741_-1,R,E,71.52915783546905
1296,24823,9847,24807_-1_7582,9237_-1,24807_-1,R,E,49.31233317134654
1297,695,9847,16490_-1_16524,13762_-1,16490_-1,R,S,200.09111818711546
1298,695,19711,13762,16535_1,13762_-1,R,N,37.22519801623329
1299,654,19711,18758,17170_1,18758_-1,R,S,168.76583300391934
1300,654,19754,17413_-1_17146,18758_-1,17413_-1,R,N,322.46218228432156
1301,672,19754,267_-1_311,3_1,267_-1,R,W,269.78072761840923
1302,686,19754,9744,2616_-1,780_-1,R,E,128.52703280824193
1303,737,19754,64_-1_2894,780_-1,64_-1,R,E,49.54167260925242
1304,755,19754,23312,6836_1,7335_-1,R,W,229.88887559058156
1305,763,9798,6987_-1_7030,7311_-1,6987_-1,R,W,232.7536537551287
1306,771,9805,6836_-1_6897,7306_-1,6836_-1,R,E,58.43343476357659
1307,782,9805,2376_-1_2404,8101_-1,2376_-1,R,E,131.07382362296312
1308,782,9805,8101,2376_-1,8101_-1,R,E,78.66936703141769
1309,793,9805,9797,8538_1,8597_-1,R,E,66.56513778629278
1310,793,9805,8538_-1_8544,8582_-1,8538_-1,R,W,306.1589974679506
1311,801,9827,8660_-1_8667,8530_-1,8660_-1,T,W,231.9130403521159
1312,815,617,9245_-1_9253,9258_-1,9245_-1,R,S,138.38087744797622
1313,815,9847,9258,9245_-1,9258_-1,R,E,77.77040587306365
1314,840,9847,19615,10446_-1,10522_-1,R,W,227.00914055870498
1315,24836,16341,16330_-1_10636,16341_-1,16330_-1,T,N,358.92052607507253
1316,24836,16341,16348,16341_-1,16348_-1,T,N,358.92052607507253
1317,24843,16341,19724,17837_1,17602_-1,R,S,179.0341487611981
1318,24847,19730,17837_-1_17860,17776_-1,17837_-1,R,N,333.8347668672252
1319,24851,19730,16218,16275_-1,16218_-1,R,N,13.212285208637597
1320,24851,19658,16218,13430_1,16218_-1,R,N,328.75908530991995
1321,24851,19676,16218,14983_-1,16218_-1,R,S,183.55549311013073
1322,24870,18719,19754,18719_-1,18856_-1,R,W,232.31293502300633
1323,24870,19754,15530_-1_18072,18856_1,15530_-1,R,E,57.59832258713906
1324,24885,19754,8217_-1_8155,498_-1,8217_-1,R,N,339.2415920238814
1325,24885,19754,498_-1_796,8217_1,498_-1,R,E,50.84175128611402
1326,24894,19638,11265_-1_11307,11396_-1,11265_-1,R,W,232.93821571967587
1327,24898,19638,831_-1_778,8914_1,831_-1,R,E,49.793412342690566
1328,24898,19638,8914_-1_8921,15_-1,8914_-1,R,N,326.65065495473686
1329,24898,23579,8914_-1_8921,23580_-1,8914_-1,R,S,215.9279009079445
1330,24910,23777,2058_-1_1992,23768_-1,2058_-1,R,S,139.09679801864553
1331,24910,23777,23768,7417_-1,23768_-1,R,N,1.8390085083746455
1332,589,19762,16250,19131_1,16250_-1,R,W,229.96882478057603
1333,589,16250,19762,16250_1,19131_-1,T,S,175.17338889974658
1334,808,16250,791,10260_-1,791_-1,R,E,85.77786385223312
1335,759,16250,19715,11005_1,16753_-1,R,S,155.98215784748163
1336,720,591,17320_-1_17342,18646_-1,17320_-1,R,W,225.6188107990209
1337,579,591,567_-1_7995,8855_-1,567_-1,T,S,180.804905617931
1338,579,591,8875_-1_8887,8855_-1,8875_-1,R,S,180.804905617931
1339,579,591,579,8855_-1,8905_-1,L,S,180.804905617931
1340,579,591,8875_-1_8887,8905_-1,8875_-1,T,W,271.17767268365174
1341,579,591,567_-1_7995,8905_-1,567_-1,L,W,271.17767268365174
1342,579,591,579,8905_-1,8855_-1,R,W,271.17767268365174
1343,579,591,579,8875_1,8905_-1,T,E,90.60649474423215
1344,579,591,579,8875_1,8855_-1,L,E,90.60649474423215
1345,579,591,567_-1_7995,8875_1,567_-1,R,E,90.60649474423215
1346,579,591,579,567_1,8855_-1,T,N,357.1785305451236
1347,579,591,579,567_1,8905_-1,R,N,357.1785305451236
1348,579,591,8875_-1_8887,567_1,8875_-1,L,N,357.1785305451236
1349,898,591,12889_-1_15030,12825_-1,12889_-1,T,S,184.2483687331656
1350,898,591,898,12825_-1,15294_-1,L,S,184.2483687331656
1351,898,591,19711,12825_-1,16613_-1,R,S,184.2483687331656
1352,898,19711,898,16613_1,15294_-1,T,E,96.32110697957505
1353,898,19711,12889_-1_15030,16613_1,12889_-1,R,E,96.32110697957505
1354,898,19711,19711,12889_1,16613_-1,L,N,353.54330629078214
1355,898,19711,898,12889_1,15294_-1,R,N,353.54330629078214
1356,898,19711,19711,15294_-1,16613_-1,T,W,264.5127969837188
1357,898,19711,898,15294_-1,12825_-1,R,W,264.5127969837188
1358,1001,19711,1001,12305_1,12119_-1,T,E,90.06920598875801
1359,1001,19711,12305_-1_12333,12119_-1,12305_-1,T,W,267.26163280985327
1360,1001,19711,19748,12119_-1,18667_-1,R,W,267.26163280985327
1361,1001,1080,19748,12305_1,18667_-1,L,E,90.06920598875801
1362,1001,1080,12305_-1_12333,979_-1,12305_-1,L,N,16.1912333933412
1363,1001,1080,1001,979_-1,12119_-1,R,N,16.1912333933412
1364,1001,1080,1001,12305_1,979_-1,R,E,90.06920598875801
1365,1001,1080,1001,979_-1,12119_-1,R,N,16.1912333933412
1366,1001,1080,19748,12119_-1,18667_-1,R,W,267.26163280985327
1367,1001,19748,12305_-1_12333,18667_1,12305_-1,R,S,164.04387681695155
1368,1080,19748,12724_-1_12743,12437_-1,12724_-1,L,W,249.3567908713809
1369,1080,19748,12466_-1_12502,12437_-1,12466_-1,T,W,249.3567908713809
1370,1080,19748,1001,12437_-1,979_-1,R,W,249.3567908713809
1371,1080,19748,1080,12466_1,12437_-1,T,E,110.27174001440501
1372,1080,19748,12724_-1_12743,12466_1,12724_-1,R,E,110.27174001440501
1373,1080,19748,1001,12724_1,979_-1,T,N,356.7831387948132
1374,1080,19748,12466_-1_12502,12724_1,12466_-1,L,N,356.7831387948132
1375,1080,19748,1080,12724_1,12437_-1,R,N,356.7831387948132
1376,1080,1001,12466_-1_12502,979_1,12466_-1,R,S,164.9386119092086
1377,1080,1001,12724_-1_12743,12466_1,12724_-1,R,E,110.27174001440501
1378,1080,1001,1080,12724_1,12437_-1,R,N,356.7831387948132
1379,73,9849,15_-1_831,1010_-1,15_-1,R,N,327.52583907612114
1380,74,9849,9850,15_1,987_-1,R,E,89.02352794336718
1381,19648,9849,10169_-1_10201,166_-1,10169_-1,R,N,4.017014337999156
1382,812,9763,9767,5756_-1,5768_-1,L,W,268.9078787848715
1383,812,9763,812,5756_-1,5779_-1,R,W,268.9078787848715
1384,812,9764,812,5779_-1,5756_-1,L,S,154.46093996490123
1385,812,9764,9767,5779_-1,5768_-1,T,S,154.46093996490123
1386,812,9767,812,5768_1,5779_-1,T,N,21.764787291677784
1387,812,9767,812,5768_1,5756_-1,R,N,21.764787291677784
1388,9804,9767,23302,7252_-1,7220_-1,R,E,89.95102541338207
1389,511,9767,19676,16039_1,14977_-1,R,W,268.41465277920605
1390,30,9767,1268_-1_1311,387_1,1268_-1,R,W,269.05389413524654
1391,16298_16309,16286_16264,16298_16309,16298,16309,straight turn,S,1187.576857315134_841.4718274067682
1392,16320_16330,16298_16309,16320_16330,16320,16330,straight turn,S,1471.0668894201556_847.7690940114504
